Account Number,Date,Amount (£),,,,,,,,,
RWC493,16/06/2025,£4,,,,,,,,,
RWC340,21/08/2024,5,,,,,,,,,
RWC560,01/07/2025,£5,,,,,,,,,
RWC340,09/01/2025,6,,,,,,,,,
RWC413,13/05/2025,£6,,,,,,,,,
RWC413,10/06/2025,£6,,,,,,,,,
RWC79,16/09/2024,6,,,,,,,,,
RWC79,30/01/2025,6,,,,,,,,,
RWC399,03/07/2025,£7,,,,,,,,,
RWC63,10/10/2024,7,,,,,,,,,
RWC96,16/09/2024,7,,,,,,,,,
RWC382,25/11/2024,7.5,,,,,,,,,
RWC382,13/01/2025,7.5,,,,,,,,,
RWC382,13/02/2025,7.5,,,,,,,,,
RWC382,13/03/2025,7.5,,,,,,,,,
RWC382,10/04/2025,£8,,,,,,,,,
RWC48,02/09/2024,7.5,,,,,,,,,
RWC48,24/09/2024,7.5,,,,,,,,,
RWC48,29/10/2024,7.5,,,,,,,,,
RWC48,22/11/2024,7.5,,,,,,,,,
RWC48,11/02/2025,7.5,,,,,,,,,
RWC48,08/04/2025,£8,,,,,,,,,
RWC99,17/12/2024,7.5,,,,,,,,,
RWC9,20/08/2024,8,,,,,,,,,
RWC9,17/09/2024,8,,,,,,,,,
RWC9,15/10/2024,8,,,,,,,,,
RWC9,12/11/2024,8,,,,,,,,,
RWC9,05/12/2024,8,,,,,,,,,
RWC9,07/01/2025,8,,,,,,,,,
RWC9,30/01/2025,8,,,,,,,,,
RWC9,04/03/2025,8,,,,,,,,,
RWC9,01/04/2025,£8,,,,,,,,,
RWC9,28/04/2025,£8,,,,,,,,,
RWC9,26/05/2025,£8,,,,,,,,,
RWC9,23/06/2025,£8,,,,,,,,,
RWC96,19/08/2024,8,,,,,,,,,
RWC362,12/05/2025,£9,,,,,,,,,
RWC374,09/01/2025,9,,,,,,,,,
RWC374,29/04/2025,£9,,,,,,,,,
RWC375,13/09/2024,9,,,,,,,,,
RWC375,24/04/2025,£9,,,,,,,,,
RWC429,29/01/2025,9,,,,,,,,,
RWC429,26/03/2025,£9,,,,,,,,,
RWC452,08/05/2025,£9,,,,,,,,,
RWC475,17/04/2025,£9,,,,,,,,,
RWC500,27/03/2025,£9,,,,,,,,,
RWC526,05/05/2025,£9,,,,,,,,,
RWC423,19/02/2025,10,,,,,,,,,
RWC423,19/03/2025,10,,,,,,,,,
RWC433,24/02/2025,10,,,,,,,,,
RWC433,22/04/2025,£10,,,,,,,,,
RWC433,19/05/2025,£10,,,,,,,,,
RWC433,16/06/2025,£10,,,,,,,,,
RWC525,01/05/2025,£10,,,,,,,,,
RWC348,22/08/2024,12,,,,,,,,,
RWC348,18/09/2024,12,,,,,,,,,
RWC348,16/10/2024,12,,,,,,,,,
RWC348,14/11/2024,12,,,,,,,,,
RWC348,10/12/2024,12,,,,,,,,,
RWC348,09/01/2025,12,,,,,,,,,
RWC348,05/02/2025,12,,,,,,,,,
RWC348,06/03/2025,12,,,,,,,,,
RWC348,03/04/2025,£12,,,,,,,,,
RWC35,18/12/2024,12,,,,,,,,,
RWC35,21/01/2025,12,,,,,,,,,
RWC35,18/02/2025,12,,,,,,,,,
RWC35,18/03/2025,12,,,,,,,,,
RWC359,13/08/2024,12,,,,,,,,,
RWC359,09/09/2024,12,,,,,,,,,
RWC359,09/10/2024,12,,,,,,,,,
RWC359,06/11/2024,12,,,,,,,,,
RWC359,03/12/2024,12,,,,,,,,,
RWC359,02/01/2025,12,,,,,,,,,
RWC359,28/01/2025,12,,,,,,,,,
RWC359,25/02/2025,12,,,,,,,,,
RWC359,25/03/2025,£12,,,,,,,,,
RWC359,23/04/2025,£12,,,,,,,,,
RWC359,20/05/2025,£12,,,,,,,,,
RWC359,17/06/2025,£12,,,,,,,,,
RWC361,13/08/2024,12,,,,,,,,,
RWC361,09/09/2024,12,,,,,,,,,
RWC361,09/10/2024,12,,,,,,,,,
RWC361,06/11/2024,12,,,,,,,,,
RWC361,03/12/2024,12,,,,,,,,,
RWC361,02/01/2025,12,,,,,,,,,
RWC361,28/01/2025,12,,,,,,,,,
RWC361,25/02/2025,12,,,,,,,,,
RWC361,25/03/2025,£12,,,,,,,,,
RWC361,23/04/2025,£12,,,,,,,,,
RWC361,20/05/2025,£12,,,,,,,,,
RWC361,17/06/2025,£12,,,,,,,,,
RWC365,14/08/2024,12,,,,,,,,,
RWC365,10/10/2024,12,,,,,,,,,
RWC365,06/11/2024,12,,,,,,,,,
RWC365,09/11/2024,12,,,,,,,,,
RWC365,04/12/2024,12,,,,,,,,,
RWC365,02/01/2025,12,,,,,,,,,
RWC365,25/03/2025,£12,,,,,,,,,
RWC365,23/04/2025,£12,,,,,,,,,
RWC365,20/05/2025,£12,,,,,,,,,
RWC367,13/08/2024,12,,,,,,,,,
RWC367,09/09/2024,12,,,,,,,,,
RWC367,09/10/2024,12,,,,,,,,,
RWC367,08/11/2024,12,,,,,,,,,
RWC367,02/12/2024,12,,,,,,,,,
RWC367,31/12/2024,12,,,,,,,,,
RWC367,28/01/2025,12,,,,,,,,,
RWC367,25/02/2025,12,,,,,,,,,
RWC367,24/03/2025,£12,,,,,,,,,
RWC377,02/08/2024,12,,,,,,,,,
RWC377,30/08/2024,12,,,,,,,,,
RWC377,25/09/2024,12,,,,,,,,,
RWC377,25/10/2024,12,,,,,,,,,
RWC377,25/11/2024,12,,,,,,,,,
RWC377,16/12/2024,12,,,,,,,,,
RWC377,13/01/2025,12,,,,,,,,,
RWC377,13/02/2025,12,,,,,,,,,
RWC377,13/03/2025,12,,,,,,,,,
RWC377,10/04/2025,£12,,,,,,,,,
RWC377,08/05/2025,£12,,,,,,,,,
RWC377,04/06/2025,£12,,,,,,,,,
RWC377,03/07/2025,£12,,,,,,,,,
RWC384,19/08/2024,12,,,,,,,,,
RWC384,16/09/2024,12,,,,,,,,,
RWC384,15/10/2024,12,,,,,,,,,
RWC384,12/11/2024,12,,,,,,,,,
RWC384,09/12/2024,12,,,,,,,,,
RWC384,07/01/2025,12,,,,,,,,,
RWC384,30/01/2025,12,,,,,,,,,
RWC384,03/03/2025,12,,,,,,,,,
RWC384,28/04/2025,£12,,,,,,,,,
RWC384,26/05/2025,£12,,,,,,,,,
RWC384,23/06/2025,£12,,,,,,,,,
RWC394,30/08/2024,12,,,,,,,,,
RWC394,25/09/2024,12,,,,,,,,,
RWC394,25/10/2024,12,,,,,,,,,
RWC405,19/09/2024,12,,,,,,,,,
RWC405,16/10/2024,12,,,,,,,,,
RWC405,14/11/2024,12,,,,,,,,,
RWC405,10/12/2024,12,,,,,,,,,
RWC405,09/01/2025,12,,,,,,,,,
RWC405,05/02/2025,12,,,,,,,,,
RWC405,04/03/2025,12,,,,,,,,,
RWC405,02/04/2025,£12,,,,,,,,,
RWC405,29/04/2025,£12,,,,,,,,,
RWC405,27/05/2025,£12,,,,,,,,,
RWC405,25/06/2025,£12,,,,,,,,,
RWC406,09/10/2024,12,,,,,,,,,
RWC406,08/11/2024,12,,,,,,,,,
RWC406,03/12/2024,12,,,,,,,,,
RWC406,31/12/2024,12,,,,,,,,,
RWC406,28/01/2025,12,,,,,,,,,
RWC406,25/02/2025,12,,,,,,,,,
RWC406,25/03/2025,£12,,,,,,,,,
RWC409,25/09/2024,12,,,,,,,,,
RWC409,24/10/2024,12,,,,,,,,,
RWC409,26/11/2024,12,,,,,,,,,
RWC409,12/12/2024,12,,,,,,,,,
RWC409,15/01/2025,12,,,,,,,,,
RWC409,12/02/2025,12,,,,,,,,,
RWC409,12/03/2025,12,,,,,,,,,
RWC41,19/08/2024,12,,,,,,,,,
RWC41,16/09/2024,12,,,,,,,,,
RWC41,15/10/2024,12,,,,,,,,,
RWC41,12/11/2024,12,,,,,,,,,
RWC41,09/12/2024,12,,,,,,,,,
RWC41,07/01/2025,12,,,,,,,,,
RWC41,30/01/2025,12,,,,,,,,,
RWC41,03/03/2025,12,,,,,,,,,
RWC41,28/04/2025,£12,,,,,,,,,
RWC41,26/05/2025,£12,,,,,,,,,
RWC41,23/06/2025,£12,,,,,,,,,
RWC413,31/10/2024,12,,,,,,,,,
RWC413,28/11/2024,12,,,,,,,,,
RWC413,18/12/2024,12,,,,,,,,,
RWC413,21/01/2025,12,,,,,,,,,
RWC413,19/02/2025,12,,,,,,,,,
RWC413,18/03/2025,12,,,,,,,,,
RWC413,16/04/2025,£12,,,,,,,,,
RWC413,08/07/2025,£12,,,,,,,,,
RWC416,14/11/2024,12,,,,,,,,,
RWC416,10/12/2024,12,,,,,,,,,
RWC416,09/01/2025,12,,,,,,,,,
RWC416,05/02/2025,12,,,,,,,,,
RWC416,04/03/2025,12,,,,,,,,,
RWC416,02/04/2025,£12,,,,,,,,,
RWC416,29/04/2025,£12,,,,,,,,,
RWC416,27/05/2025,£12,,,,,,,,,
RWC416,25/06/2025,£12,,,,,,,,,
RWC418,14/11/2024,12,,,,,,,,,
RWC418,10/12/2024,12,,,,,,,,,
RWC418,09/01/2025,12,,,,,,,,,
RWC418,05/02/2025,12,,,,,,,,,
RWC418,04/03/2025,12,,,,,,,,,
RWC418,02/04/2025,£12,,,,,,,,,
RWC418,29/04/2025,£12,,,,,,,,,
RWC418,27/05/2025,£12,,,,,,,,,
RWC418,25/06/2025,£12,,,,,,,,,
RWC448,11/03/2025,12,,,,,,,,,
RWC448,10/04/2025,£12,,,,,,,,,
RWC448,08/05/2025,£12,,,,,,,,,
RWC448,04/06/2025,£12,,,,,,,,,
RWC448,03/07/2025,£12,,,,,,,,,
RWC45,19/08/2024,12,,,,,,,,,
RWC45,16/09/2024,12,,,,,,,,,
RWC45,15/10/2024,12,,,,,,,,,
RWC45,12/11/2024,12,,,,,,,,,
RWC45,09/12/2024,12,,,,,,,,,
RWC45,07/01/2025,12,,,,,,,,,
RWC45,30/01/2025,12,,,,,,,,,
RWC45,03/03/2025,12,,,,,,,,,
RWC45,28/04/2025,£12,,,,,,,,,
RWC45,26/05/2025,£12,,,,,,,,,
RWC45,23/06/2025,£12,,,,,,,,,
RWC458,12/05/2025,£12,,,,,,,,,
RWC46,12/08/2024,12,,,,,,,,,
RWC46,10/09/2024,12,,,,,,,,,
RWC46,08/10/2024,12,,,,,,,,,
RWC46,05/11/2024,12,,,,,,,,,
RWC46,02/12/2024,12,,,,,,,,,
RWC46,31/12/2024,12,,,,,,,,,
RWC46,27/01/2025,12,,,,,,,,,
RWC46,24/02/2025,12,,,,,,,,,
RWC46,24/03/2025,£12,,,,,,,,,
RWC46,21/04/2025,£12,,,,,,,,,
RWC46,19/05/2025,£12,,,,,,,,,
RWC46,16/06/2025,£12,,,,,,,,,
RWC47,19/08/2024,12,,,,,,,,,
RWC47,16/09/2024,12,,,,,,,,,
RWC47,15/10/2024,12,,,,,,,,,
RWC47,12/11/2024,12,,,,,,,,,
RWC47,09/12/2024,12,,,,,,,,,
RWC47,07/01/2025,12,,,,,,,,,
RWC47,30/01/2025,12,,,,,,,,,
RWC47,03/03/2025,12,,,,,,,,,
RWC47,28/04/2025,£12,,,,,,,,,
RWC47,26/05/2025,£12,,,,,,,,,
RWC47,23/06/2025,£12,,,,,,,,,
RWC489,28/04/2025,£12,,,,,,,,,
RWC489,26/05/2025,£12,,,,,,,,,
RWC489,23/06/2025,£12,,,,,,,,,
RWC49,06/08/2024,12,,,,,,,,,
RWC49,01/10/2024,12,,,,,,,,,
RWC49,28/11/2024,12,,,,,,,,,
RWC49,21/01/2025,12,,,,,,,,,
RWC49,17/03/2025,12,,,,,,,,,
RWC493,27/03/2025,£12,,,,,,,,,
RWC493,19/05/2025,£12,,,,,,,,,
RWC497,21/04/2025,£12,,,,,,,,,
RWC497,19/05/2025,£12,,,,,,,,,
RWC497,16/06/2025,£12,,,,,,,,,
RWC5,07/08/2024,12,,,,,,,,,
RWC5,05/09/2024,12,,,,,,,,,
RWC5,02/10/2024,12,,,,,,,,,
RWC5,31/10/2024,12,,,,,,,,,
RWC5,28/11/2024,12,,,,,,,,,
RWC5,18/12/2024,12,,,,,,,,,
RWC5,21/01/2025,12,,,,,,,,,
RWC5,18/02/2025,12,,,,,,,,,
RWC5,18/03/2025,12,,,,,,,,,
RWC505,22/04/2025,£12,,,,,,,,,
RWC505,19/05/2025,£12,,,,,,,,,
RWC505,16/06/2025,£12,,,,,,,,,
RWC568,13/06/2025,£12,,,,,,,,,
RWC568,08/07/2025,£12,,,,,,,,,
RWC572,13/06/2025,£12,,,,,,,,,
RWC572,10/07/2025,£12,,,,,,,,,
RWC575,13/06/2025,£12,,,,,,,,,
RWC575,08/07/2025,£12,,,,,,,,,
RWC576,25/06/2025,£12,,,,,,,,,
RWC589,23/06/2025,£12,,,,,,,,,
RWC594,13/06/2025,£12,,,,,,,,,
RWC594,08/07/2025,£12,,,,,,,,,
RWC66,12/08/2024,12,,,,,,,,,
RWC66,08/10/2024,12,,,,,,,,,
RWC66,09/10/2024,12,,,,,,,,,
RWC66,05/11/2024,12,,,,,,,,,
RWC66,02/12/2024,12,,,,,,,,,
RWC66,31/12/2024,12,,,,,,,,,
RWC66,27/01/2025,12,,,,,,,,,
RWC66,24/02/2025,12,,,,,,,,,
RWC66,24/03/2025,£12,,,,,,,,,
RWC66,21/04/2025,£12,,,,,,,,,
RWC66,19/05/2025,£12,,,,,,,,,
RWC66,16/06/2025,£12,,,,,,,,,
RWC67,12/08/2024,12,,,,,,,,,
RWC67,08/10/2024,12,,,,,,,,,
RWC67,09/10/2024,12,,,,,,,,,
RWC67,05/11/2024,12,,,,,,,,,
RWC67,02/12/2024,12,,,,,,,,,
RWC67,31/12/2024,12,,,,,,,,,
RWC67,27/01/2025,12,,,,,,,,,
RWC67,24/02/2025,12,,,,,,,,,
RWC67,24/03/2025,£12,,,,,,,,,
RWC67,22/04/2025,£12,,,,,,,,,
RWC67,19/05/2025,£12,,,,,,,,,
RWC67,16/06/2025,£12,,,,,,,,,
RWC69,12/08/2024,12,,,,,,,,,
RWC69,08/10/2024,12,,,,,,,,,
RWC69,09/10/2024,12,,,,,,,,,
RWC69,05/11/2024,12,,,,,,,,,
RWC69,02/12/2024,12,,,,,,,,,
RWC69,31/12/2024,12,,,,,,,,,
RWC69,27/01/2025,12,,,,,,,,,
RWC69,24/02/2025,12,,,,,,,,,
RWC69,24/03/2025,£12,,,,,,,,,
RWC7,07/08/2024,12,,,,,,,,,
RWC7,05/09/2024,12,,,,,,,,,
RWC7,02/10/2024,12,,,,,,,,,
RWC7,31/10/2024,12,,,,,,,,,
RWC7,28/11/2024,12,,,,,,,,,
RWC7,18/12/2024,12,,,,,,,,,
RWC7,21/01/2025,12,,,,,,,,,
RWC7,18/02/2025,12,,,,,,,,,
RWC7,18/03/2025,12,,,,,,,,,
RWC71,14/08/2024,12,,,,,,,,,
RWC71,09/10/2024,12,,,,,,,,,
RWC71,06/11/2024,12,,,,,,,,,
RWC71,09/11/2024,12,,,,,,,,,
RWC71,03/12/2024,12,,,,,,,,,
RWC71,02/01/2025,12,,,,,,,,,
RWC71,29/01/2025,12,,,,,,,,,
RWC71,26/02/2025,12,,,,,,,,,
RWC71,25/03/2025,£12,,,,,,,,,
RWC71,23/04/2025,£12,,,,,,,,,
RWC71,20/05/2025,£12,,,,,,,,,
RWC71,17/06/2025,£12,,,,,,,,,
RWC72,14/08/2024,12,,,,,,,,,
RWC72,10/10/2024,12,,,,,,,,,
RWC72,06/11/2024,12,,,,,,,,,
RWC72,09/11/2024,12,,,,,,,,,
RWC72,04/12/2024,12,,,,,,,,,
RWC72,02/01/2025,12,,,,,,,,,
RWC72,29/01/2025,12,,,,,,,,,
RWC72,26/02/2025,12,,,,,,,,,
RWC72,25/03/2025,£12,,,,,,,,,
RWC75,02/09/2024,12,,,,,,,,,
RWC75,24/09/2024,12,,,,,,,,,
RWC75,23/10/2024,12,,,,,,,,,
RWC75,22/11/2024,12,,,,,,,,,
RWC75,12/12/2024,12,,,,,,,,,
RWC75,14/01/2025,12,,,,,,,,,
RWC75,11/02/2025,12,,,,,,,,,
RWC75,11/03/2025,12,,,,,,,,,
RWC79,19/08/2024,12,,,,,,,,,
RWC79,15/10/2024,12,,,,,,,,,
RWC79,12/11/2024,12,,,,,,,,,
RWC79,09/12/2024,12,,,,,,,,,
RWC79,07/01/2025,12,,,,,,,,,
RWC79,03/03/2025,12,,,,,,,,,
RWC79,28/04/2025,£12,,,,,,,,,
RWC79,26/05/2025,£12,,,,,,,,,
RWC79,23/06/2025,£12,,,,,,,,,
RWC8,02/09/2024,12,,,,,,,,,
RWC8,23/09/2024,12,,,,,,,,,
RWC8,22/10/2024,12,,,,,,,,,
RWC8,19/11/2024,12,,,,,,,,,
RWC8,10/12/2024,12,,,,,,,,,
RWC8,16/01/2025,12,,,,,,,,,
RWC8,10/02/2025,12,,,,,,,,,
RWC8,10/03/2025,12,,,,,,,,,
RWC8,07/04/2025,£12,,,,,,,,,
RWC8,06/05/2025,£12,,,,,,,,,
RWC8,02/06/2025,£12,,,,,,,,,
RWC8,02/07/2025,£12,,,,,,,,,
RWC88,05/08/2024,12,,,,,,,,,
RWC88,04/09/2024,12,,,,,,,,,
RWC88,04/10/2024,12,,,,,,,,,
RWC88,30/10/2024,12,,,,,,,,,
RWC88,27/11/2024,12,,,,,,,,,
RWC88,17/12/2024,12,,,,,,,,,
RWC88,20/01/2025,12,,,,,,,,,
RWC88,17/02/2025,12,,,,,,,,,
RWC88,17/03/2025,12,,,,,,,,,
RWC88,14/04/2025,£12,,,,,,,,,
RWC88,12/05/2025,£12,,,,,,,,,
RWC88,09/06/2025,£12,,,,,,,,,
RWC88,07/07/2025,£12,,,,,,,,,
RWC94,15/08/2024,12,,,,,,,,,
RWC94,13/09/2024,12,,,,,,,,,
RWC94,11/10/2024,12,,,,,,,,,
RWC94,07/11/2024,12,,,,,,,,,
RWC94,03/12/2024,12,,,,,,,,,
RWC94,03/01/2025,12,,,,,,,,,
RWC94,29/01/2025,12,,,,,,,,,
RWC94,27/02/2025,12,,,,,,,,,
RWC94,26/03/2025,£12,,,,,,,,,
RWC94,24/04/2025,£12,,,,,,,,,
RWC94,22/05/2025,£12,,,,,,,,,
RWC94,18/06/2025,£12,,,,,,,,,
RWC34,24/10/2024,12.5,,,,,,,,,
RWC34,12/02/2025,12.5,,,,,,,,,
RWC347,13/11/2024,12.5,,,,,,,,,
RWC458,17/03/2025,12.5,,,,,,,,,
RWC471,15/05/2025,£13,,,,,,,,,
RWC340,19/09/2024,15,,,,,,,,,
RWC340,17/10/2024,15,,,,,,,,,
RWC340,13/11/2024,15,,,,,,,,,
RWC340,09/12/2024,15,,,,,,,,,
RWC340,05/02/2025,15,,,,,,,,,
RWC340,03/03/2025,15,,,,,,,,,
RWC340,02/04/2025,£15,,,,,,,,,
RWC348,29/04/2025,£15,,,,,,,,,
RWC348,28/05/2025,£15,,,,,,,,,
RWC348,30/06/2025,£15,,,,,,,,,
RWC35,16/04/2025,£15,,,,,,,,,
RWC35,13/05/2025,£15,,,,,,,,,
RWC35,10/06/2025,£15,,,,,,,,,
RWC35,08/07/2025,£15,,,,,,,,,
RWC353,08/08/2024,15,,,,,,,,,
RWC353,06/09/2024,15,,,,,,,,,
RWC353,03/10/2024,15,,,,,,,,,
RWC353,01/11/2024,15,,,,,,,,,
RWC353,28/11/2024,15,,,,,,,,,
RWC353,20/12/2024,15,,,,,,,,,
RWC353,23/01/2025,15,,,,,,,,,
RWC353,19/02/2025,15,,,,,,,,,
RWC353,19/03/2025,15,,,,,,,,,
RWC353,17/04/2025,£15,,,,,,,,,
RWC353,14/05/2025,£15,,,,,,,,,
RWC353,10/06/2025,£15,,,,,,,,,
RWC353,10/07/2025,£15,,,,,,,,,
RWC354,08/08/2024,15,,,,,,,,,
RWC354,06/09/2024,15,,,,,,,,,
RWC354,03/10/2024,15,,,,,,,,,
RWC354,01/11/2024,15,,,,,,,,,
RWC354,28/11/2024,15,,,,,,,,,
RWC354,20/12/2024,15,,,,,,,,,
RWC354,23/01/2025,15,,,,,,,,,
RWC354,19/02/2025,15,,,,,,,,,
RWC354,19/03/2025,15,,,,,,,,,
RWC360,13/08/2024,15,,,,,,,,,
RWC360,09/09/2024,15,,,,,,,,,
RWC360,09/10/2024,15,,,,,,,,,
RWC360,08/11/2024,15,,,,,,,,,
RWC360,02/12/2024,15,,,,,,,,,
RWC360,31/12/2024,15,,,,,,,,,
RWC360,28/01/2025,15,,,,,,,,,
RWC360,25/02/2025,15,,,,,,,,,
RWC360,24/03/2025,£15,,,,,,,,,
RWC362,06/08/2024,15,,,,,,,,,
RWC362,04/09/2024,15,,,,,,,,,
RWC362,04/10/2024,15,,,,,,,,,
RWC362,30/10/2024,15,,,,,,,,,
RWC362,27/11/2024,15,,,,,,,,,
RWC362,17/12/2024,15,,,,,,,,,
RWC362,21/01/2025,15,,,,,,,,,
RWC362,17/02/2025,15,,,,,,,,,
RWC362,17/03/2025,15,,,,,,,,,
RWC367,22/04/2025,£15,,,,,,,,,
RWC367,19/05/2025,£15,,,,,,,,,
RWC367,16/06/2025,£15,,,,,,,,,
RWC369,26/08/2024,15,,,,,,,,,
RWC369,23/09/2024,15,,,,,,,,,
RWC369,22/10/2024,15,,,,,,,,,
RWC369,18/11/2024,15,,,,,,,,,
RWC369,10/12/2024,15,,,,,,,,,
RWC369,16/01/2025,15,,,,,,,,,
RWC369,10/02/2025,15,,,,,,,,,
RWC369,10/03/2025,15,,,,,,,,,
RWC369,07/04/2025,£15,,,,,,,,,
RWC369,06/05/2025,£15,,,,,,,,,
RWC369,02/06/2025,£15,,,,,,,,,
RWC369,30/06/2025,£15,,,,,,,,,
RWC370,13/08/2024,15,,,,,,,,,
RWC370,09/09/2024,15,,,,,,,,,
RWC370,09/10/2024,15,,,,,,,,,
RWC370,08/11/2024,15,,,,,,,,,
RWC370,03/12/2024,15,,,,,,,,,
RWC370,31/12/2024,15,,,,,,,,,
RWC370,28/01/2025,15,,,,,,,,,
RWC370,25/02/2025,15,,,,,,,,,
RWC370,24/03/2025,£15,,,,,,,,,
RWC370,22/04/2025,£15,,,,,,,,,
RWC370,19/05/2025,£15,,,,,,,,,
RWC370,16/06/2025,£15,,,,,,,,,
RWC373,17/06/2025,£15,,,,,,,,,
RWC38,07/08/2024,15,,,,,,,,,
RWC38,05/09/2024,15,,,,,,,,,
RWC38,01/10/2024,15,,,,,,,,,
RWC38,31/10/2024,15,,,,,,,,,
RWC38,28/11/2024,15,,,,,,,,,
RWC38,18/12/2024,15,,,,,,,,,
RWC38,21/01/2025,15,,,,,,,,,
RWC38,18/02/2025,15,,,,,,,,,
RWC38,18/03/2025,15,,,,,,,,,
RWC38,15/04/2025,£15,,,,,,,,,
RWC38,13/05/2025,£15,,,,,,,,,
RWC38,10/06/2025,£15,,,,,,,,,
RWC38,08/07/2025,£15,,,,,,,,,
RWC380,01/08/2024,15,,,,,,,,,
RWC380,30/08/2024,15,,,,,,,,,
RWC380,25/09/2024,15,,,,,,,,,
RWC380,24/10/2024,15,,,,,,,,,
RWC380,26/11/2024,15,,,,,,,,,
RWC380,13/12/2024,15,,,,,,,,,
RWC380,15/01/2025,15,,,,,,,,,
RWC380,12/02/2025,15,,,,,,,,,
RWC380,12/03/2025,15,,,,,,,,,
RWC380,09/04/2025,£15,,,,,,,,,
RWC380,07/05/2025,£15,,,,,,,,,
RWC380,03/06/2025,£15,,,,,,,,,
RWC380,02/07/2025,£15,,,,,,,,,
RWC382,02/08/2024,15,,,,,,,,,
RWC382,30/08/2024,15,,,,,,,,,
RWC382,25/09/2024,15,,,,,,,,,
RWC382,25/10/2024,15,,,,,,,,,
RWC382,16/12/2024,15,,,,,,,,,
RWC382,08/05/2025,£15,,,,,,,,,
RWC382,03/07/2025,£15,,,,,,,,,
RWC386,26/08/2024,15,,,,,,,,,
RWC386,23/09/2024,15,,,,,,,,,
RWC386,22/10/2024,15,,,,,,,,,
RWC386,18/11/2024,15,,,,,,,,,
RWC386,10/12/2024,15,,,,,,,,,
RWC386,16/01/2025,15,,,,,,,,,
RWC386,10/02/2025,15,,,,,,,,,
RWC386,10/03/2025,15,,,,,,,,,
RWC386,07/04/2025,£15,,,,,,,,,
RWC386,06/05/2025,£15,,,,,,,,,
RWC386,02/06/2025,£15,,,,,,,,,
RWC386,30/06/2025,£15,,,,,,,,,
RWC391,03/10/2024,15,,,,,,,,,
RWC391,01/11/2024,15,,,,,,,,,
RWC391,29/11/2024,15,,,,,,,,,
RWC391,20/12/2024,15,,,,,,,,,
RWC391,23/01/2025,15,,,,,,,,,
RWC391,20/02/2025,15,,,,,,,,,
RWC391,19/03/2025,15,,,,,,,,,
RWC391,17/04/2025,£15,,,,,,,,,
RWC391,15/05/2025,£15,,,,,,,,,
RWC391,11/06/2025,£15,,,,,,,,,
RWC391,10/07/2025,£15,,,,,,,,,
RWC40,27/08/2024,15,,,,,,,,,
RWC40,24/09/2024,15,,,,,,,,,
RWC40,23/10/2024,15,,,,,,,,,
RWC40,19/11/2024,15,,,,,,,,,
RWC40,12/12/2024,15,,,,,,,,,
RWC40,14/01/2025,15,,,,,,,,,
RWC40,11/02/2025,15,,,,,,,,,
RWC40,11/03/2025,15,,,,,,,,,
RWC401,19/09/2024,15,,,,,,,,,
RWC401,17/10/2024,15,,,,,,,,,
RWC401,13/11/2024,15,,,,,,,,,
RWC401,09/12/2024,15,,,,,,,,,
RWC401,09/01/2025,15,,,,,,,,,
RWC401,05/02/2025,15,,,,,,,,,
RWC401,03/03/2025,15,,,,,,,,,
RWC401,02/04/2025,£15,,,,,,,,,
RWC401,29/04/2025,£15,,,,,,,,,
RWC401,27/05/2025,£15,,,,,,,,,
RWC401,25/06/2025,£15,,,,,,,,,
RWC404,10/10/2024,15,,,,,,,,,
RWC404,06/11/2024,15,,,,,,,,,
RWC404,04/12/2024,15,,,,,,,,,
RWC404,02/01/2025,15,,,,,,,,,
RWC404,29/01/2025,15,,,,,,,,,
RWC404,26/02/2025,15,,,,,,,,,
RWC404,25/03/2025,£15,,,,,,,,,
RWC406,22/04/2025,£15,,,,,,,,,
RWC406,20/05/2025,£15,,,,,,,,,
RWC406,17/06/2025,£15,,,,,,,,,
RWC408,19/09/2024,15,,,,,,,,,
RWC408,29/10/2024,15,,,,,,,,,
RWC408,27/11/2024,15,,,,,,,,,
RWC408,17/12/2024,15,,,,,,,,,
RWC408,20/01/2025,15,,,,,,,,,
RWC408,17/02/2025,15,,,,,,,,,
RWC408,17/03/2025,15,,,,,,,,,
RWC409,09/04/2025,£15,,,,,,,,,
RWC409,07/05/2025,£15,,,,,,,,,
RWC409,03/06/2025,£15,,,,,,,,,
RWC409,02/07/2025,£15,,,,,,,,,
RWC415,09/01/2025,15,,,,,,,,,
RWC415,05/02/2025,15,,,,,,,,,
RWC415,04/03/2025,15,,,,,,,,,
RWC415,02/04/2025,£15,,,,,,,,,
RWC420,22/11/2024,15,,,,,,,,,
RWC420,16/12/2024,15,,,,,,,,,
RWC420,16/01/2025,15,,,,,,,,,
RWC420,13/03/2025,15,,,,,,,,,
RWC420,09/04/2025,£15,,,,,,,,,
RWC420,07/05/2025,£15,,,,,,,,,
RWC420,04/06/2025,£15,,,,,,,,,
RWC420,03/07/2025,£15,,,,,,,,,
RWC422,16/12/2024,15,,,,,,,,,
RWC422,16/01/2025,15,,,,,,,,,
RWC422,10/02/2025,15,,,,,,,,,
RWC422,10/03/2025,15,,,,,,,,,
RWC422,07/04/2025,£15,,,,,,,,,
RWC422,06/05/2025,£15,,,,,,,,,
RWC422,02/06/2025,£15,,,,,,,,,
RWC422,30/06/2025,£15,,,,,,,,,
RWC423,20/12/2024,15,,,,,,,,,
RWC423,23/01/2025,15,,,,,,,,,
RWC423,14/05/2025,£15,,,,,,,,,
RWC423,10/06/2025,£15,,,,,,,,,
RWC423,10/07/2025,£15,,,,,,,,,
RWC430,11/02/2025,15,,,,,,,,,
RWC430,11/03/2025,15,,,,,,,,,
RWC446,11/03/2025,15,,,,,,,,,
RWC446,10/04/2025,£15,,,,,,,,,
RWC446,08/05/2025,£15,,,,,,,,,
RWC446,04/06/2025,£15,,,,,,,,,
RWC446,03/07/2025,£15,,,,,,,,,
RWC450,18/03/2025,15,,,,,,,,,
RWC450,16/04/2025,£15,,,,,,,,,
RWC450,13/05/2025,£15,,,,,,,,,
RWC450,08/07/2025,£15,,,,,,,,,
RWC456,13/09/2024,15,,,,,,,,,
RWC456,11/10/2024,15,,,,,,,,,
RWC456,04/12/2024,15,,,,,,,,,
RWC456,03/01/2025,15,,,,,,,,,
RWC456,28/01/2025,15,,,,,,,,,
RWC456,27/03/2025,£15,,,,,,,,,
RWC456,24/04/2025,£15,,,,,,,,,
RWC456,22/05/2025,£15,,,,,,,,,
RWC456,18/06/2025,£15,,,,,,,,,
RWC457,13/09/2024,15,,,,,,,,,
RWC457,11/10/2024,15,,,,,,,,,
RWC457,07/11/2024,15,,,,,,,,,
RWC457,04/12/2024,15,,,,,,,,,
RWC457,03/01/2025,15,,,,,,,,,
RWC457,28/01/2025,15,,,,,,,,,
RWC457,27/02/2025,15,,,,,,,,,
RWC457,27/03/2025,£15,,,,,,,,,
RWC457,24/04/2025,£15,,,,,,,,,
RWC457,22/05/2025,£15,,,,,,,,,
RWC457,18/06/2025,£15,,,,,,,,,
RWC467,27/03/2025,£15,,,,,,,,,
RWC467,21/04/2025,£15,,,,,,,,,
RWC467,19/05/2025,£15,,,,,,,,,
RWC467,16/06/2025,£15,,,,,,,,,
RWC468,09/08/2024,15,,,,,,,,,
RWC468,06/09/2024,15,,,,,,,,,
RWC468,03/10/2024,15,,,,,,,,,
RWC468,01/11/2024,15,,,,,,,,,
RWC468,29/11/2024,15,,,,,,,,,
RWC468,19/12/2024,15,,,,,,,,,
RWC468,23/01/2025,15,,,,,,,,,
RWC468,20/02/2025,15,,,,,,,,,
RWC468,19/03/2025,15,,,,,,,,,
RWC476,20/03/2025,15,,,,,,,,,
RWC476,16/04/2025,£15,,,,,,,,,
RWC476,13/05/2025,£15,,,,,,,,,
RWC476,08/07/2025,£15,,,,,,,,,
RWC477,20/03/2025,15,,,,,,,,,
RWC48,12/12/2024,15,,,,,,,,,
RWC48,14/01/2025,15,,,,,,,,,
RWC48,11/03/2025,15,,,,,,,,,
RWC48,05/05/2025,£15,,,,,,,,,
RWC48,02/07/2025,£15,,,,,,,,,
RWC481,20/03/2025,15,,,,,,,,,
RWC481,16/04/2025,£15,,,,,,,,,
RWC481,13/05/2025,£15,,,,,,,,,
RWC481,10/06/2025,£15,,,,,,,,,
RWC481,09/07/2025,£15,,,,,,,,,
RWC482,20/03/2025,15,,,,,,,,,
RWC482,16/04/2025,£15,,,,,,,,,
RWC482,13/05/2025,£15,,,,,,,,,
RWC482,10/06/2025,£15,,,,,,,,,
RWC482,09/07/2025,£15,,,,,,,,,
RWC49,12/05/2025,£15,,,,,,,,,
RWC49,08/07/2025,£15,,,,,,,,,
RWC492,27/03/2025,£15,,,,,,,,,
RWC492,21/04/2025,£15,,,,,,,,,
RWC492,19/05/2025,£15,,,,,,,,,
RWC492,16/06/2025,£15,,,,,,,,,
RWC496,27/03/2025,£15,,,,,,,,,
RWC496,21/04/2025,£15,,,,,,,,,
RWC496,19/05/2025,£15,,,,,,,,,
RWC496,16/06/2025,£15,,,,,,,,,
RWC5,13/05/2025,£15,,,,,,,,,
RWC5,10/06/2025,£15,,,,,,,,,
RWC5,08/07/2025,£15,,,,,,,,,
RWC501,16/06/2025,£15,,,,,,,,,
RWC502,27/03/2025,£15,,,,,,,,,
RWC502,21/04/2025,£15,,,,,,,,,
RWC502,19/05/2025,£15,,,,,,,,,
RWC502,16/06/2025,£15,,,,,,,,,
RWC506,21/04/2025,£15,,,,,,,,,
RWC506,19/05/2025,£15,,,,,,,,,
RWC506,16/06/2025,£15,,,,,,,,,
RWC51,06/08/2024,15,,,,,,,,,
RWC51,04/09/2024,15,,,,,,,,,
RWC51,04/10/2024,15,,,,,,,,,
RWC51,30/10/2024,15,,,,,,,,,
RWC51,27/11/2024,15,,,,,,,,,
RWC51,17/12/2024,15,,,,,,,,,
RWC51,21/01/2025,15,,,,,,,,,
RWC51,17/02/2025,15,,,,,,,,,
RWC51,17/03/2025,15,,,,,,,,,
RWC51,15/04/2025,£15,,,,,,,,,
RWC51,12/05/2025,£15,,,,,,,,,
RWC51,09/06/2025,£15,,,,,,,,,
RWC51,07/07/2025,£15,,,,,,,,,
RWC513,03/04/2025,£15,,,,,,,,,
RWC513,19/05/2025,£15,,,,,,,,,
RWC513,16/06/2025,£15,,,,,,,,,
RWC529,20/05/2025,£15,,,,,,,,,
RWC530,19/05/2025,£15,,,,,,,,,
RWC530,16/06/2025,£15,,,,,,,,,
RWC533,28/05/2025,£15,,,,,,,,,
RWC533,24/06/2025,£15,,,,,,,,,
RWc534,28/05/2025,£15,,,,,,,,,
RWC534,24/06/2025,£15,,,,,,,,,
RWC540,02/06/2025,£15,,,,,,,,,
RWC540,25/06/2025,£15,,,,,,,,,
RWC541,30/05/2025,£15,,,,,,,,,
RWC541,25/06/2025,£15,,,,,,,,,
RWC544,30/05/2025,£15,,,,,,,,,
RWC544,25/06/2025,£15,,,,,,,,,
RWC545,30/05/2025,£15,,,,,,,,,
RWC545,25/06/2025,£15,,,,,,,,,
RWC546,25/06/2025,£15,,,,,,,,,
RWC548,30/05/2025,£15,,,,,,,,,
RWC548,25/06/2025,£15,,,,,,,,,
RWC557,03/06/2025,£15,,,,,,,,,
RWC557,02/07/2025,£15,,,,,,,,,
RWC565,05/06/2025,£15,,,,,,,,,
RWC566,13/06/2025,£15,,,,,,,,,
RWC566,08/07/2025,£15,,,,,,,,,
RWC567,05/06/2025,£15,,,,,,,,,
RWC569,13/06/2025,£15,,,,,,,,,
RWC569,08/07/2025,£15,,,,,,,,,
RWC580,13/06/2025,£15,,,,,,,,,
RWC580,08/07/2025,£15,,,,,,,,,
RWC63,14/08/2024,15,,,,,,,,,
RWC63,04/12/2024,15,,,,,,,,,
RWC63,29/01/2025,15,,,,,,,,,
RWC63,26/02/2025,15,,,,,,,,,
RWC63,25/03/2025,£15,,,,,,,,,
RWC63,20/05/2025,£15,,,,,,,,,
RWC64,07/11/2024,15,,,,,,,,,
RWC64,09/11/2024,15,,,,,,,,,
RWC64,02/01/2025,15,,,,,,,,,
RWC64,23/04/2025,£15,,,,,,,,,
RWC64,18/06/2025,£15,,,,,,,,,
RWC65,12/08/2024,15,,,,,,,,,
RWC65,08/10/2024,15,,,,,,,,,
RWC65,09/10/2024,15,,,,,,,,,
RWC65,05/11/2024,15,,,,,,,,,
RWC65,02/12/2024,15,,,,,,,,,
RWC65,31/12/2024,15,,,,,,,,,
RWC65,27/01/2025,15,,,,,,,,,
RWC65,24/02/2025,15,,,,,,,,,
RWC65,24/03/2025,£15,,,,,,,,,
RWC65,22/04/2025,£15,,,,,,,,,
RWC65,19/05/2025,£15,,,,,,,,,
RWC65,16/06/2025,£15,,,,,,,,,
RWC68,12/08/2024,15,,,,,,,,,
RWC68,08/10/2024,15,,,,,,,,,
RWC68,02/12/2024,15,,,,,,,,,
RWC68,27/01/2025,15,,,,,,,,,
RWC68,24/02/2025,15,,,,,,,,,
RWC68,24/03/2025,£15,,,,,,,,,
RWC68,22/04/2025,£15,,,,,,,,,
RWC68,19/05/2025,£15,,,,,,,,,
RWC69,22/04/2025,£15,,,,,,,,,
RWC69,19/05/2025,£15,,,,,,,,,
RWC69,16/06/2025,£15,,,,,,,,,
RWC7,16/04/2025,£15,,,,,,,,,
RWC7,13/05/2025,£15,,,,,,,,,
RWC7,10/06/2025,£15,,,,,,,,,
RWC7,08/07/2025,£15,,,,,,,,,
RWC70,12/08/2024,15,,,,,,,,,
RWC70,08/10/2024,15,,,,,,,,,
RWC70,09/10/2024,15,,,,,,,,,
RWC70,05/11/2024,15,,,,,,,,,
RWC70,02/12/2024,15,,,,,,,,,
RWC70,31/12/2024,15,,,,,,,,,
RWC70,27/01/2025,15,,,,,,,,,
RWC70,24/02/2025,15,,,,,,,,,
RWC70,24/03/2025,£15,,,,,,,,,
RWC72,23/04/2025,£15,,,,,,,,,
RWC72,20/05/2025,£15,,,,,,,,,
RWC72,17/06/2025,£15,,,,,,,,,
RWC73,14/08/2024,15,,,,,,,,,
RWC73,10/10/2024,15,,,,,,,,,
RWC73,06/11/2024,15,,,,,,,,,
RWC73,04/12/2024,15,,,,,,,,,
RWC73,02/01/2025,15,,,,,,,,,
RWC73,29/01/2025,15,,,,,,,,,
RWC73,26/02/2025,15,,,,,,,,,
RWC73,25/03/2025,£15,,,,,,,,,
RWC74,02/08/2024,15,,,,,,,,,
RWC74,30/08/2024,15,,,,,,,,,
RWC74,26/09/2024,15,,,,,,,,,
RWC74,24/10/2024,15,,,,,,,,,
RWC74,22/11/2024,15,,,,,,,,,
RWC74,16/12/2024,15,,,,,,,,,
RWC74,15/01/2025,15,,,,,,,,,
RWC74,12/02/2025,15,,,,,,,,,
RWC74,12/03/2025,15,,,,,,,,,
RWC74,09/04/2025,£15,,,,,,,,,
RWC74,08/05/2025,£15,,,,,,,,,
RWC74,04/06/2025,£15,,,,,,,,,
RWC74,02/07/2025,£15,,,,,,,,,
RWC75,08/04/2025,£15,,,,,,,,,
RWC75,05/05/2025,£15,,,,,,,,,
RWC75,02/06/2025,£15,,,,,,,,,
RWC75,01/07/2025,£15,,,,,,,,,
RWC83,14/08/2024,15,,,,,,,,,
RWC83,10/10/2024,15,,,,,,,,,
RWC83,04/12/2024,15,,,,,,,,,
RWC83,29/01/2025,15,,,,,,,,,
RWC83,26/02/2025,15,,,,,,,,,
RWC84,26/08/2024,15,,,,,,,,,
RWC84,22/10/2024,15,,,,,,,,,
RWC84,10/12/2024,15,,,,,,,,,
RWC84,10/03/2025,15,,,,,,,,,
RWC84,06/05/2025,£15,,,,,,,,,
RWC84,30/06/2025,£15,,,,,,,,,
RWC87,15/08/2024,15,,,,,,,,,
RWC87,13/09/2024,15,,,,,,,,,
RWC87,11/10/2024,15,,,,,,,,,
RWC87,07/11/2024,15,,,,,,,,,
RWC87,03/12/2024,15,,,,,,,,,
RWC87,03/01/2025,15,,,,,,,,,
RWC87,29/01/2025,15,,,,,,,,,
RWC87,27/02/2025,15,,,,,,,,,
RWC87,26/03/2025,£15,,,,,,,,,
RWC87,24/04/2025,£15,,,,,,,,,
RWC87,22/05/2025,£15,,,,,,,,,
RWC87,18/06/2025,£15,,,,,,,,,
RWC93,15/08/2024,15,,,,,,,,,
RWC93,11/10/2024,15,,,,,,,,,
RWC93,03/12/2024,15,,,,,,,,,
RWC93,29/01/2025,15,,,,,,,,,
RWC93,27/02/2025,15,,,,,,,,,
RWC93,26/03/2025,£15,,,,,,,,,
RWC93,22/05/2025,£15,,,,,,,,,
RWC95,09/08/2024,15,,,,,,,,,
RWC95,06/09/2024,15,,,,,,,,,
RWC95,03/10/2024,15,,,,,,,,,
RWC95,01/11/2024,15,,,,,,,,,
RWC95,29/11/2024,15,,,,,,,,,
RWC95,19/12/2024,15,,,,,,,,,
RWC95,23/01/2025,15,,,,,,,,,
RWC95,20/02/2025,15,,,,,,,,,
RWC95,19/03/2025,15,,,,,,,,,
RWC95,14/04/2025,£15,,,,,,,,,
RWC95,15/05/2025,£15,,,,,,,,,
RWC95,11/06/2025,£15,,,,,,,,,
RWC95,11/07/2025,£15,,,,,,,,,
RWC95,11/07/2025,£15,,,,,,,,,
RWC96,15/10/2024,15,,,,,,,,,
RWC96,12/11/2024,15,,,,,,,,,
RWC96,09/12/2024,15,,,,,,,,,
RWC96,07/01/2025,15,,,,,,,,,
RWC96,30/01/2025,15,,,,,,,,,
RWC96,03/03/2025,15,,,,,,,,,
RWC96,28/04/2025,£15,,,,,,,,,
RWC96,26/05/2025,£15,,,,,,,,,
RWC96,23/06/2025,£15,,,,,,,,,
RWC97,01/08/2024,15,,,,,,,,,
RWC97,03/09/2024,15,,,,,,,,,
RWC97,25/09/2024,15,,,,,,,,,
RWC97,24/10/2024,15,,,,,,,,,
RWC97,26/11/2024,15,,,,,,,,,
RWC97,12/12/2024,15,,,,,,,,,
RWC97,15/01/2025,15,,,,,,,,,
RWC97,12/02/2025,15,,,,,,,,,
RWC97,12/03/2025,15,,,,,,,,,
RWC97,09/04/2025,£15,,,,,,,,,
RWC97,07/05/2025,£15,,,,,,,,,
RWC97,03/06/2025,£15,,,,,,,,,
RWC97,02/07/2025,£15,,,,,,,,,
RWC99,04/09/2024,15,,,,,,,,,
RWC99,30/10/2024,15,,,,,,,,,
RWC99,18/02/2025,15,,,,,,,,,
RWC99,15/04/2025,£15,,,,,,,,,
RWC99,09/06/2025,£15,,,,,,,,,
RWC397,07/11/2024,16,,,,,,,,,
RWC474,17/04/2025,£16,,,,,,,,,
RWC480,10/06/2025,£16,,,,,,,,,
RWC565,24/06/2025,£16,,,,,,,,,
RWC340,29/04/2025,£18,,,,,,,,,
RWC340,27/05/2025,£18,,,,,,,,,
RWC340,25/06/2025,£18,,,,,,,,,
RWC341,19/08/2024,18,,,,,,,,,
RWC341,16/09/2024,18,,,,,,,,,
RWC341,15/10/2024,18,,,,,,,,,
RWC341,12/11/2024,18,,,,,,,,,
RWC341,09/12/2024,18,,,,,,,,,
RWC341,07/01/2025,18,,,,,,,,,
RWC341,30/01/2025,18,,,,,,,,,
RWC341,03/03/2025,18,,,,,,,,,
RWC344,29/08/2024,18,,,,,,,,,
RWC344,25/10/2024,18,,,,,,,,,
RWC344,16/12/2024,18,,,,,,,,,
RWC344,13/02/2025,18,,,,,,,,,
RWC344,09/04/2025,£18,,,,,,,,,
RWC344,04/06/2025,£18,,,,,,,,,
RWC351,05/09/2024,18,,,,,,,,,
RWC351,28/11/2024,18,,,,,,,,,
RWC351,23/01/2025,18,,,,,,,,,
RWC351,19/03/2025,18,,,,,,,,,
RWC354,17/04/2025,£18,,,,,,,,,
RWC354,14/05/2025,£18,,,,,,,,,
RWC354,10/06/2025,£18,,,,,,,,,
RWC354,10/07/2025,£18,,,,,,,,,
RWC360,19/05/2025,£18,,,,,,,,,
RWC360,16/06/2025,£18,,,,,,,,,
RWC362,15/04/2025,£18,,,,,,,,,
RWC362,09/06/2025,£18,,,,,,,,,
RWC362,07/07/2025,£18,,,,,,,,,
RWC368,08/08/2024,18,,,,,,,,,
RWC368,05/09/2024,18,,,,,,,,,
RWC368,01/10/2024,18,,,,,,,,,
RWC368,31/10/2024,18,,,,,,,,,
RWC368,28/11/2024,18,,,,,,,,,
RWC368,18/12/2024,18,,,,,,,,,
RWC368,22/01/2025,18,,,,,,,,,
RWC368,19/02/2025,18,,,,,,,,,
RWC368,18/03/2025,18,,,,,,,,,
RWC374,18/09/2024,18,,,,,,,,,
RWC374,13/11/2024,18,,,,,,,,,
RWC374,04/03/2025,18,,,,,,,,,
RWC375,07/11/2024,18,,,,,,,,,
RWC375,03/01/2025,18,,,,,,,,,
RWC375,27/02/2025,18,,,,,,,,,
RWC375,18/06/2025,£18,,,,,,,,,
RWC387,27/08/2024,18,,,,,,,,,
RWC387,24/09/2024,18,,,,,,,,,
RWC387,23/10/2024,18,,,,,,,,,
RWC387,19/11/2024,18,,,,,,,,,
RWC387,12/12/2024,18,,,,,,,,,
RWC387,14/01/2025,18,,,,,,,,,
RWC387,11/02/2025,18,,,,,,,,,
RWC387,11/03/2025,18,,,,,,,,,
RWC394,16/12/2024,18,,,,,,,,,
RWC394,13/02/2025,18,,,,,,,,,
RWC394,10/04/2025,£18,,,,,,,,,
RWC394,04/06/2025,£18,,,,,,,,,
RWC397,09/11/2024,18,,,,,,,,,
RWC397,03/01/2025,18,,,,,,,,,
RWC397,26/02/2025,18,,,,,,,,,
RWC397,23/04/2025,£18,,,,,,,,,
RWC397,18/06/2025,£18,,,,,,,,,
RWC398,21/08/2024,18,,,,,,,,,
RWC398,15/10/2024,18,,,,,,,,,
RWC398,09/12/2024,18,,,,,,,,,
RWC398,30/01/2025,18,,,,,,,,,
RWC398,26/05/2025,£18,,,,,,,,,
RWC40,08/04/2025,£18,,,,,,,,,
RWC40,07/05/2025,£18,,,,,,,,,
RWC40,02/06/2025,£18,,,,,,,,,
RWC40,01/07/2025,£18,,,,,,,,,
RWC404,23/04/2025,£18,,,,,,,,,
RWC404,20/05/2025,£18,,,,,,,,,
RWC404,17/06/2025,£18,,,,,,,,,
RWC408,14/04/2025,£18,,,,,,,,,
RWC408,12/05/2025,£18,,,,,,,,,
RWC408,09/06/2025,£18,,,,,,,,,
RWC408,07/07/2025,£18,,,,,,,,,
RWC412,30/10/2024,18,,,,,,,,,
RWC412,27/11/2024,18,,,,,,,,,
RWC415,29/04/2025,£18,,,,,,,,,
RWC415,27/05/2025,£18,,,,,,,,,
RWC415,25/06/2025,£18,,,,,,,,,
RWC424,03/04/2025,£18,,,,,,,,,
RWC424,01/05/2025,£18,,,,,,,,,
RWC424,28/05/2025,£18,,,,,,,,,
RWC424,30/06/2025,£18,,,,,,,,,
RWC425,09/12/2024,18,,,,,,,,,
RWC425,30/01/2025,18,,,,,,,,,
RWC425,01/04/2025,£18,,,,,,,,,
RWC425,26/05/2025,£18,,,,,,,,,
RWC426,10/12/2024,18,,,,,,,,,
RWC426,06/02/2025,18,,,,,,,,,
RWC426,03/04/2025,£18,,,,,,,,,
RWC426,28/05/2025,£18,,,,,,,,,
RWC427,09/01/2025,18,,,,,,,,,
RWC427,06/03/2025,18,,,,,,,,,
RWC427,29/04/2025,£18,,,,,,,,,
RWC427,26/06/2025,£18,,,,,,,,,
RWC429,22/05/2025,£18,,,,,,,,,
RWC430,08/04/2025,£18,,,,,,,,,
RWC430,05/05/2025,£18,,,,,,,,,
RWC430,03/06/2025,£18,,,,,,,,,
RWC430,02/07/2025,£18,,,,,,,,,
RWC438,09/04/2025,£18,,,,,,,,,
RWC438,09/05/2025,£18,,,,,,,,,
RWC438,04/06/2025,£18,,,,,,,,,
RWC438,03/07/2025,£18,,,,,,,,,
RWC439,06/03/2025,18,,,,,,,,,
RWC439,02/04/2025,£18,,,,,,,,,
RWC439,29/04/2025,£18,,,,,,,,,
RWC439,28/05/2025,£18,,,,,,,,,
RWC439,25/06/2025,£18,,,,,,,,,
RWC440,10/03/2025,18,,,,,,,,,
RWC445,05/04/2025,£18,,,,,,,,,
RWC445,10/04/2025,£18,,,,,,,,,
RWC445,08/05/2025,£18,,,,,,,,,
RWC445,04/06/2025,£18,,,,,,,,,
RWC449,13/03/2025,18,,,,,,,,,
RWC449,10/04/2025,£18,,,,,,,,,
RWC449,08/05/2025,£18,,,,,,,,,
RWC452,11/03/2025,18,,,,,,,,,
RWC452,10/04/2025,£18,,,,,,,,,
RWC452,04/06/2025,£18,,,,,,,,,
RWC452,03/07/2025,£18,,,,,,,,,
RWC456,13/09/2024,18,,,,,,,,,
RWC468,17/04/2025,£18,,,,,,,,,
RWC468,15/05/2025,£18,,,,,,,,,
RWC468,11/06/2025,£18,,,,,,,,,
RWC468,11/07/2025,£18,,,,,,,,,
RWC472,19/03/2025,18,,,,,,,,,
RWC472,17/04/2025,£18,,,,,,,,,
RWC472,15/05/2025,£18,,,,,,,,,
RWC472,11/06/2025,£18,,,,,,,,,
RWC472,10/07/2025,£18,,,,,,,,,
RWC474,19/03/2025,18,,,,,,,,,
RWC474,15/05/2025,£18,,,,,,,,,
RWC474,12/06/2025,£18,,,,,,,,,
RWC474,10/07/2025,£18,,,,,,,,,
RWC475,19/03/2025,18,,,,,,,,,
RWC475,12/06/2025,£18,,,,,,,,,
RWC475,10/07/2025,£18,,,,,,,,,
RWC480,21/03/2025,18,,,,,,,,,
RWC480,16/04/2025,£18,,,,,,,,,
RWC480,13/05/2025,£18,,,,,,,,,
RWC480,10/06/2025,£18,,,,,,,,,
RWC480,08/07/2025,£18,,,,,,,,,
RWC490,27/03/2025,£18,,,,,,,,,
RWC495,27/03/2025,£18,,,,,,,,,
RWC495,21/04/2025,£18,,,,,,,,,
RWC495,19/05/2025,£18,,,,,,,,,
RWC498,21/04/2025,£18,,,,,,,,,
RWC498,19/05/2025,£18,,,,,,,,,
RWC498,16/06/2025,£18,,,,,,,,,
RWC499,27/03/2025,18,,,,,,,,,
RWC499,21/04/2025,£18,,,,,,,,,
RWC499,19/05/2025,£18,,,,,,,,,
RWC499,16/06/2025,£18,,,,,,,,,
RWC500,21/04/2025,£18,,,,,,,,,
RWC500,16/06/2025,£18,,,,,,,,,
RWC508,28/04/2025,£18,,,,,,,,,
RWC515,04/10/2024,18,,,,,,,,,
RWC515,17/12/2024,18,,,,,,,,,
RWC515,17/02/2025,18,,,,,,,,,
RWC515,09/06/2025,£18,,,,,,,,,
RWC532,03/06/2025,£18,,,,,,,,,
RWC532,02/07/2025,£18,,,,,,,,,
RWC539,25/06/2025,£18,,,,,,,,,
RWC549,16/06/2025,£18,,,,,,,,,
RWC565,24/06/2025,£18,,,,,,,,,
RWC579,02/07/2025,£18,,,,,,,,,
RWC62,01/08/2024,18,,,,,,,,,
RWC62,28/08/2024,18,,,,,,,,,
RWC62,25/09/2024,18,,,,,,,,,
RWC62,24/10/2024,18,,,,,,,,,
RWC62,26/11/2024,18,,,,,,,,,
RWC62,12/12/2024,18,,,,,,,,,
RWC62,15/01/2025,18,,,,,,,,,
RWC62,12/02/2025,18,,,,,,,,,
RWC62,12/03/2025,18,,,,,,,,,
RWC62,09/04/2025,£18,,,,,,,,,
RWC62,07/05/2025,£18,,,,,,,,,
RWC62,03/06/2025,£18,,,,,,,,,
RWC62,02/07/2025,£18,,,,,,,,,
RWC70,21/04/2025,£18,,,,,,,,,
RWC70,19/05/2025,£18,,,,,,,,,
RWC70,16/06/2025,£18,,,,,,,,,
RWC73,23/04/2025,£18,,,,,,,,,
RWC73,20/05/2025,£18,,,,,,,,,
RWC73,17/06/2025,£18,,,,,,,,,
RWC83,20/05/2025,£18,,,,,,,,,
RWC86,12/08/2024,18,,,,,,,,,
RWC86,09/10/2024,18,,,,,,,,,
RWC86,02/12/2024,18,,,,,,,,,
RWC86,31/12/2024,18,,,,,,,,,
RWC86,27/01/2025,18,,,,,,,,,
RWC86,24/02/2025,18,,,,,,,,,
RWC86,24/03/2025,£18,,,,,,,,,
RWC335,24/10/2024,20,,,,,,,,,
RWC335,22/11/2024,20,,,,,,,,,
RWC335,16/12/2024,20,,,,,,,,,
RWC335,15/01/2025,20,,,,,,,,,
RWC335,12/02/2025,20,,,,,,,,,
RWC335,12/03/2025,20,,,,,,,,,
RWC341,28/04/2025,£20,,,,,,,,,
RWC341,26/05/2025,£20,,,,,,,,,
RWC341,23/06/2025,£20,,,,,,,,,
RWC364,08/08/2024,20,,,,,,,,,
RWC364,05/09/2024,20,,,,,,,,,
RWC364,01/10/2024,20,,,,,,,,,
RWC364,31/10/2024,20,,,,,,,,,
RWC364,28/11/2024,20,,,,,,,,,
RWC364,18/12/2024,20,,,,,,,,,
RWC364,22/01/2025,20,,,,,,,,,
RWC364,19/02/2025,20,,,,,,,,,
RWC364,18/03/2025,20,,,,,,,,,
RWC377,25/09/2024,20,,,,,,,,,
RWC378,04/06/2025,£20,,,,,,,,,
RWC378,03/07/2025,£20,,,,,,,,,
RWC387,08/04/2025,£20,,,,,,,,,
RWC387,07/05/2025,£20,,,,,,,,,
RWC387,02/06/2025,£20,,,,,,,,,
RWC387,01/07/2025,£20,,,,,,,,,
RWC399,29/08/2024,20,,,,,,,,,
RWC399,27/09/2024,20,,,,,,,,,
RWC399,25/10/2024,20,,,,,,,,,
RWC399,25/11/2024,20,,,,,,,,,
RWC399,16/12/2024,20,,,,,,,,,
RWC399,15/01/2025,20,,,,,,,,,
RWC399,13/02/2025,20,,,,,,,,,
RWC399,13/03/2025,20,,,,,,,,,
RWC4,27/08/2024,20,,,,,,,,,
RWC4,23/10/2024,20,,,,,,,,,
RWC4,12/12/2024,20,,,,,,,,,
RWC4,11/02/2025,20,,,,,,,,,
RWC400,28/08/2024,20,,,,,,,,,
RWC400,22/10/2024,20,,,,,,,,,
RWC400,11/12/2024,20,,,,,,,,,
RWC400,10/02/2025,20,,,,,,,,,
RWC402,17/09/2024,20,,,,,,,,,
RWC402,15/10/2024,20,,,,,,,,,
RWC402,12/11/2024,20,,,,,,,,,
RWC402,05/12/2024,20,,,,,,,,,
RWC402,08/01/2025,20,,,,,,,,,
RWC402,30/01/2025,20,,,,,,,,,
RWC402,04/03/2025,20,,,,,,,,,
RWC402,01/04/2025,£20,,,,,,,,,
RWC402,28/04/2025,£20,,,,,,,,,
RWC402,26/05/2025,£20,,,,,,,,,
RWC402,23/06/2025,£20,,,,,,,,,
RWC437,25/02/2025,20,,,,,,,,,
RWC437,25/03/2025,£20,,,,,,,,,
RWC437,22/04/2025,£20,,,,,,,,,
RWC437,20/05/2025,£20,,,,,,,,,
RWC437,17/06/2025,£20,,,,,,,,,
RWC447,10/04/2025,£20,,,,,,,,,
RWC447,04/06/2025,£20,,,,,,,,,
RWC447,03/07/2025,£20,,,,,,,,,
RWC455,25/09/2024,20,,,,,,,,,
RWC455,25/10/2024,20,,,,,,,,,
RWC455,25/11/2024,20,,,,,,,,,
RWC455,16/12/2024,20,,,,,,,,,
RWC455,13/01/2025,20,,,,,,,,,
RWC455,13/02/2025,20,,,,,,,,,
RWC455,13/03/2025,20,,,,,,,,,
RWC455,10/04/2025,£20,,,,,,,,,
RWC455,08/05/2025,£20,,,,,,,,,
RWC455,04/06/2025,£20,,,,,,,,,
RWC455,03/07/2025,£20,,,,,,,,,
RWC50,05/09/2024,20,,,,,,,,,
RWC50,31/10/2024,20,,,,,,,,,
RWC50,18/12/2024,20,,,,,,,,,
RWC50,19/02/2025,20,,,,,,,,,
RWC50,16/04/2025,£20,,,,,,,,,
RWC50,10/06/2025,£20,,,,,,,,,
RWC516,08/05/2025,£20,,,,,,,,,
RWC516,04/06/2025,£20,,,,,,,,,
RWC516,03/07/2025,£20,,,,,,,,,
RWC52,20/08/2024,20,,,,,,,,,
RWC52,17/09/2024,20,,,,,,,,,
RWC52,16/10/2024,20,,,,,,,,,
RWC52,13/11/2024,20,,,,,,,,,
RWC52,05/12/2024,20,,,,,,,,,
RWC52,08/01/2025,20,,,,,,,,,
RWC52,04/02/2025,20,,,,,,,,,
RWC52,04/03/2025,20,,,,,,,,,
RWC52,01/04/2025,£20,,,,,,,,,
RWC523,29/04/2025,£20,,,,,,,,,
RWC523,27/05/2025,£20,,,,,,,,,
RWC523,25/06/2025,£20,,,,,,,,,
RWC524,17/06/2025,£20,,,,,,,,,
RWC527,15/05/2025,£20,,,,,,,,,
RWC529,20/05/2025,£20,,,,,,,,,
RWC529,17/06/2025,£20,,,,,,,,,
RWC53,20/08/2024,20,,,,,,,,,
RWC53,16/10/2024,20,,,,,,,,,
RWC53,05/12/2024,20,,,,,,,,,
RWC53,04/02/2025,20,,,,,,,,,
RWC53,01/04/2025,£20,,,,,,,,,
RWC53,27/05/2025,£20,,,,,,,,,
RWC54,20/08/2024,20,,,,,,,,,
RWC54,16/10/2024,20,,,,,,,,,
RWC54,05/12/2024,20,,,,,,,,,
RWC54,04/02/2025,20,,,,,,,,,
RWC54,01/04/2025,£20,,,,,,,,,
RWC54,27/05/2025,£20,,,,,,,,,
RWC549,30/05/2025,£20,,,,,,,,,
RWC549,25/06/2025,£20,,,,,,,,,
RWC56,05/09/2024,20,,,,,,,,,
RWC56,31/10/2024,20,,,,,,,,,
RWC56,18/12/2024,20,,,,,,,,,
RWC56,19/02/2025,20,,,,,,,,,
RWC56,13/05/2025,£20,,,,,,,,,
RWC56,08/07/2025,£20,,,,,,,,,
RWC571,12/06/2025,£20,,,,,,,,,
RWC571,11/07/2025,£20,,,,,,,,,
RWC573,13/06/2025,£20,,,,,,,,,
RWC574,13/06/2025,£20,,,,,,,,,
RWC578,12/06/2025,£20,,,,,,,,,
RWC578,08/07/2025,£20,,,,,,,,,
RWC58,08/08/2024,20,,,,,,,,,
RWC58,08/08/2024,20,,,,,,,,,
RWC58,05/09/2024,20,,,,,,,,,
RWC58,05/09/2024,20,,,,,,,,,
RWC58,02/10/2024,20,,,,,,,,,
RWC58,02/10/2024,20,,,,,,,,,
RWC58,31/10/2024,20,,,,,,,,,
RWC58,31/10/2024,20,,,,,,,,,
RWC58,28/11/2024,20,,,,,,,,,
RWC58,28/11/2024,20,,,,,,,,,
RWC58,20/12/2024,20,,,,,,,,,
RWC58,20/12/2024,20,,,,,,,,,
RWC58,21/01/2025,20,,,,,,,,,
RWC58,21/01/2025,20,,,,,,,,,
RWC58,19/02/2025,20,,,,,,,,,
RWC58,19/02/2025,20,,,,,,,,,
RWC58,18/03/2025,20,,,,,,,,,
RWC58,18/03/2025,20,,,,,,,,,
RWC60,20/08/2024,20,,,,,,,,,
RWC60,17/09/2024,20,,,,,,,,,
RWC60,15/10/2024,20,,,,,,,,,
RWC60,12/11/2024,20,,,,,,,,,
RWC60,05/12/2024,20,,,,,,,,,
RWC60,08/01/2025,20,,,,,,,,,
RWC60,30/01/2025,20,,,,,,,,,
RWC60,04/03/2025,20,,,,,,,,,
RWC60,01/04/2025,£20,,,,,,,,,
RWC60,28/04/2025,£20,,,,,,,,,
RWC60,26/05/2025,£20,,,,,,,,,
RWC60,23/06/2025,£20,,,,,,,,,
RWC61,24/09/2024,20,,,,,,,,,
RWC61,19/11/2024,20,,,,,,,,,
RWC61,14/01/2025,20,,,,,,,,,
RWC61,11/03/2025,20,,,,,,,,,
RWC61,06/05/2025,£20,,,,,,,,,
RWC61,01/07/2025,£20,,,,,,,,,
RWC86,21/04/2025,£20,,,,,,,,,
RWC86,19/05/2025,£20,,,,,,,,,
RWC86,16/06/2025,£20,,,,,,,,,
RWC89,21/08/2024,20,,,,,,,,,
RWC89,18/09/2024,20,,,,,,,,,
RWC89,16/10/2024,20,,,,,,,,,
RWC89,13/11/2024,20,,,,,,,,,
RWC89,05/12/2024,20,,,,,,,,,
RWC89,08/01/2025,20,,,,,,,,,
RWC89,04/02/2025,20,,,,,,,,,
RWC89,05/03/2025,20,,,,,,,,,
RWC89,02/04/2025,£20,,,,,,,,,
RWC89,29/04/2025,£20,,,,,,,,,
RWC89,27/05/2025,£20,,,,,,,,,
RWC89,23/06/2025,£20,,,,,,,,,
RWC90,27/08/2024,20,,,,,,,,,
RWC90,24/09/2024,20,,,,,,,,,
RWC90,23/10/2024,20,,,,,,,,,
RWC90,19/11/2024,20,,,,,,,,,
RWC90,11/12/2024,20,,,,,,,,,
RWC90,14/01/2025,20,,,,,,,,,
RWC90,11/02/2025,20,,,,,,,,,
RWC90,11/03/2025,20,,,,,,,,,
RWC92,15/08/2024,20,,,,,,,,,
RWC92,11/10/2024,20,,,,,,,,,
RWC92,03/12/2024,20,,,,,,,,,
RWC92,29/01/2025,20,,,,,,,,,
RWC92,26/03/2025,£20,,,,,,,,,
RWC92,24/04/2025,£20,,,,,,,,,
RWC92,22/05/2025,£20,,,,,,,,,
RWC92,18/06/2025,£20,,,,,,,,,
RWC98,16/10/2024,20,,,,,,,,,
RWC98,13/11/2024,20,,,,,,,,,
RWC98,05/12/2024,20,,,,,,,,,
RWC98,08/01/2025,20,,,,,,,,,
RWC98,04/02/2025,20,,,,,,,,,
RWC98,05/03/2025,20,,,,,,,,,
RWC98,07/04/2025,£20,,,,,,,,,
RWC98,28/04/2025,£20,,,,,,,,,
RWC98,27/05/2025,£20,,,,,,,,,
RWC98,23/06/2025,£20,,,,,,,,,
RWC335,09/04/2025,£22,,,,,,,,,
RWC335,07/05/2025,£22,,,,,,,,,
RWC335,03/06/2025,£22,,,,,,,,,
RWC335,03/07/2025,£22,,,,,,,,,
RWC336,24/10/2024,22,,,,,,,,,
RWC336,16/12/2024,22,,,,,,,,,
RWC336,09/04/2025,£22,,,,,,,,,
RWC336,04/06/2025,£22,,,,,,,,,
RWC337,01/08/2024,22,,,,,,,,,
RWC337,26/09/2024,22,,,,,,,,,
RWC337,22/11/2024,22,,,,,,,,,
RWC337,15/01/2025,22,,,,,,,,,
RWC337,12/03/2025,22,,,,,,,,,
RWC337,07/05/2025,£22,,,,,,,,,
RWC337,03/07/2025,£22,,,,,,,,,
RWC343,03/09/2024,22,,,,,,,,,
RWC343,24/10/2024,22,,,,,,,,,
RWC343,13/12/2024,22,,,,,,,,,
RWC343,12/02/2025,22,,,,,,,,,
RWC343,09/04/2025,£22,,,,,,,,,
RWC343,03/06/2025,£22,,,,,,,,,
RWC350,21/01/2025,22,,,,,,,,,
RWC350,18/03/2025,22,,,,,,,,,
RWC351,15/05/2025,£22,,,,,,,,,
RWC351,10/07/2025,£22,,,,,,,,,
RWC366,06/09/2024,22,,,,,,,,,
RWC366,01/11/2024,22,,,,,,,,,
RWC366,19/12/2024,22,,,,,,,,,
RWC366,20/02/2025,22,,,,,,,,,
RWC366,17/04/2025,£22,,,,,,,,,
RWC368,16/04/2025,£22,,,,,,,,,
RWC368,14/05/2025,£22,,,,,,,,,
RWC368,10/06/2025,£22,,,,,,,,,
RWC368,09/07/2025,£22,,,,,,,,,
RWC373,13/08/2024,22,,,,,,,,,
RWC373,09/10/2024,22,,,,,,,,,
RWC373,03/12/2024,22,,,,,,,,,
RWC373,28/01/2025,22,,,,,,,,,
RWC373,25/03/2025,£22,,,,,,,,,
RWC373,20/05/2025,£22,,,,,,,,,
RWC379,23/09/2024,22,,,,,,,,,
RWC379,18/11/2024,22,,,,,,,,,
RWC379,16/01/2025,22,,,,,,,,,
RWC379,10/03/2025,22,,,,,,,,,
RWC379,06/05/2025,£22,,,,,,,,,
RWC379,30/06/2025,£22,,,,,,,,,
RWC390,09/08/2024,22,,,,,,,,,
RWC390,03/10/2024,22,,,,,,,,,
RWC390,28/11/2024,22,,,,,,,,,
RWC390,23/01/2025,22,,,,,,,,,
RWC390,19/03/2025,22,,,,,,,,,
RWC399,09/04/2025,£22,,,,,,,,,
RWC399,09/05/2025,£22,,,,,,,,,
RWC399,04/06/2025,£22,,,,,,,,,
RWC4,08/04/2025,£22,,,,,,,,,
RWC4,02/06/2025,£22,,,,,,,,,
RWC400,07/04/2025,£22,,,,,,,,,
RWC400,02/06/2025,£22,,,,,,,,,
RWC417,07/11/2024,22,,,,,,,,,
RWC417,03/01/2025,22,,,,,,,,,
RWC417,27/02/2025,22,,,,,,,,,
RWC417,24/04/2025,£22,,,,,,,,,
RWC417,18/06/2025,£22,,,,,,,,,
RWC431,20/02/2025,22,,,,,,,,,
RWC431,17/04/2025,£22,,,,,,,,,
RWC431,11/06/2025,£22,,,,,,,,,
RWC435,29/04/2025,£22,,,,,,,,,
RWC435,25/06/2025,£22,,,,,,,,,
RWC454,06/08/2024,22,,,,,,,,,
RWC454,01/10/2024,22,,,,,,,,,
RWC454,28/11/2024,22,,,,,,,,,
RWC454,21/01/2025,22,,,,,,,,,
RWC454,15/04/2025,£22,,,,,,,,,
RWC460,08/10/2024,22,,,,,,,,,
RWC460,02/12/2024,22,,,,,,,,,
RWC460,27/01/2025,22,,,,,,,,,
RWC460,24/03/2025,£22,,,,,,,,,
RWC463,29/04/2025,£22,,,,,,,,,
RWC463,25/06/2025,£22,,,,,,,,,
RWC477,13/05/2025,£22,,,,,,,,,
RWC477,08/07/2025,£22,,,,,,,,,
RWC501,27/03/2025,£22,,,,,,,,,11
RWC501,21/04/2025,£22,,,,,,,,,
RWC512,14/04/2025,£22,,,,,,,,,
RWC512,09/06/2025,£22,,,,,,,,,
RWC52,28/04/2025,£22,,,,,,,,,
RWC52,27/05/2025,£22,,,,,,,,,
RWC52,23/06/2025,£22,,,,,,,,,
RWC520,12/05/2025,£22,,,,,,,,,
RWC520,07/07/2025,£22,,,,,,,,,
RWC522,12/05/2025,£22,,,,,,,,,
RWC522,07/07/2025,£22,,,,,,,,,
RWC527,15/05/2025,£22,,,,,,,,,
RWC527,11/07/2025,£22,,,,,,,,,
RWC536,28/05/2025,£22,,,,,,,,,
RWC542,30/05/2025,£22,,,,,,,,,
RWC554,25/06/2025,£22,,,,,,,,,
RWC58,16/04/2025,£22,,,,,,,,,
RWC58,16/04/2025,£22,,,,,,,,,
RWC58,14/05/2025,£22,,,,,,,,,
RWC58,14/05/2025,£22,,,,,,,,,
RWC58,10/06/2025,£22,,,,,,,,,
RWC58,10/06/2025,£22,,,,,,,,,
RWC58,09/07/2025,£22,,,,,,,,,
RWC58,09/07/2025,£22,,,,,,,,,
RWC582,18/06/2025,£22,,,,,,,,,
RWC591,03/07/2025,£22,,,,,,,,,
RWC595,10/07/2025,£22,,,,,,,,,
RWC90,08/04/2025,£22,,,,,,,,,
RWC90,06/05/2025,£22,,,,,,,,,
RWC90,02/06/2025,£22,,,,,,,,,
RWC90,01/07/2025,£22,,,,,,,,,
RWC413,31/10/2024,24,,,,,,,,,
RWC338,01/08/2024,25,,,,,,,,,
RWC338,26/09/2024,25,,,,,,,,,
RWC338,22/11/2024,25,,,,,,,,,
RWC338,15/01/2025,25,,,,,,,,,
RWC338,12/03/2025,25,,,,,,,,,
RWC338,07/05/2025,£25,,,,,,,,,
RWC338,03/07/2025,£25,,,,,,,,,
RWC34,01/08/2024,25,,,,,,,,,
RWC34,30/08/2024,25,,,,,,,,,
RWC34,27/09/2024,25,,,,,,,,,
RWC34,22/11/2024,25,,,,,,,,,
RWC34,16/12/2024,25,,,,,,,,,
RWC34,15/01/2025,25,,,,,,,,,
RWC34,12/03/2025,25,,,,,,,,,
RWC34,09/04/2025,£25,,,,,,,,,
RWC34,07/05/2025,£25,,,,,,,,,
RWC34,03/06/2025,£25,,,,,,,,,
RWC347,21/08/2024,25,,,,,,,,,
RWC347,18/09/2024,25,,,,,,,,,
RWC347,16/10/2024,25,,,,,,,,,
RWC347,05/12/2024,25,,,,,,,,,
RWC347,08/01/2025,25,,,,,,,,,
RWC347,04/02/2025,25,,,,,,,,,
RWC347,05/03/2025,25,,,,,,,,,
RWC347,01/04/2025,£25,,,,,,,,,
RWC347,29/04/2025,£25,,,,,,,,,
RWC347,24/06/2025,£25,,,,,,,,,
RWC350,14/05/2025,£25,,,,,,,,,
RWC350,09/07/2025,£25,,,,,,,,,
RWC352,06/09/2024,25,,,,,,,,,
RWC352,28/11/2024,25,,,,,,,,,
RWC352,23/01/2025,25,,,,,,,,,
RWC352,19/03/2025,25,,,,,,,,,
RWC355,08/08/2024,25,,,,,,,,,
RWC355,06/09/2024,25,,,,,,,,,
RWC355,03/10/2024,25,,,,,,,,,
RWC355,01/11/2024,25,,,,,,,,,
RWC364,16/04/2025,£25,,,,,,,,,
RWC364,13/05/2025,£25,,,,,,,,,
RWC364,10/06/2025,£25,,,,,,,,,
RWC364,08/07/2025,£25,,,,,,,,,
RWC366,11/06/2025,£25,,,,,,,,,
RWC388,04/09/2024,25,,,,,,,,,
RWC388,30/10/2024,25,,,,,,,,,
RWC388,17/12/2024,25,,,,,,,,,
RWC388,18/02/2025,25,,,,,,,,,
RWC388,15/04/2025,£25,,,,,,,,,
RWC388,09/06/2025,£25,,,,,,,,,
RWC390,14/05/2025,£25,,,,,,,,,
RWC390,10/07/2025,£25,,,,,,,,,
RWC393,19/08/2024,25,,,,,,,,,
RWC393,15/10/2024,25,,,,,,,,,
RWC393,09/12/2024,25,,,,,,,,,
RWC393,30/01/2025,25,,,,,,,,,
RWC393,26/05/2025,£25,,,,,,,,,
RWC395,15/08/2024,25,,,,,,,,,
RWC395,08/10/2024,25,,,,,,,,,
RWC395,02/12/2024,25,,,,,,,,,
RWC395,27/01/2025,25,,,,,,,,,
RWC395,24/03/2025,£25,,,,,,,,,
RWC395,19/05/2025,£25,,,,,,,,,
RWC396,07/11/2024,25,,,,,,,,,
RWC396,09/11/2024,25,,,,,,,,,
RWC396,03/01/2025,25,,,,,,,,,
RWC396,23/04/2025,£25,,,,,,,,,
RWC396,18/06/2025,£25,,,,,,,,,
RWC405,29/04/2025,£25,,,,,,,,,
RWC407,03/12/2024,25,,,,,,,,,
RWC407,28/01/2025,25,,,,,,,,,
RWC407,25/02/2025,25,,,,,,,,,
RWC407,25/03/2025,£25,,,,,,,,,
RWC412,20/01/2025,25,,,,,,,,,
RWC412,17/03/2025,25,,,,,,,,,
RWC428,12/12/2024,25,,,,,,,,,
RWC428,10/02/2025,25,,,,,,,,,
RWC428,07/04/2025,£25,,,,,,,,,
RWC428,02/06/2025,£25,,,,,,,,,
RWC435,06/03/2025,25,,,,,,,,,
RWC436,04/03/2025,25,,,,,,,,,
RWC436,29/04/2025,£25,,,,,,,,,
RWC436,25/06/2025,£25,,,,,,,,,
RWC440,08/05/2025,£25,,,,,,,,,
RWC440,03/07/2025,£25,,,,,,,,,
RWC442,10/03/2025,25,,,,,,,,,
RWC442,08/05/2025,£25,,,,,,,,,
RWC442,03/07/2025,£25,,,,,,,,,
RWC444,11/03/2025,25,,,,,,,,,
RWC444,08/05/2025,£25,,,,,,,,,
RWC444,03/07/2025,£25,,,,,,,,,
RWC449,05/04/2025,£25,,,,,,,,,
RWC460,19/05/2025,£25,,,,,,,,,
RWC463,03/03/2025,25,,,,,,,,,
RWC469,10/04/2025,£25,,,,,,,,,
RWC469,04/06/2025,£25,,,,,,,,,
RWC471,19/03/2025,25,,,,,,,,,
RWC471,10/07/2025,£25,,,,,,,,,
RWC478,20/03/2025,25,,,,,,,,,
RWC478,13/05/2025,£25,,,,,,,,,
RWC478,08/07/2025,£25,,,,,,,,,
RWC484,20/03/2025,25,,,,,,,,,
RWC484,14/05/2025,£25,,,,,,,,,
RWC484,10/06/2025,£25,,,,,,,,,
RWC484,09/07/2025,£25,,,,,,,,,
RWC485,21/03/2025,25,,,,,,,,,
RWC485,09/07/2025,£25,,,,,,,,,
RWC490,19/05/2025,£25,,,,,,,,,
RWC498,27/03/2025,£25,,,,,,,,,
RWC510,14/05/2025,£25,,,,,,,,,
RWC510,09/07/2025,£25,,,,,,,,,
RWC511,14/04/2025,£25,,,,,,,,,
RWC511,09/06/2025,£25,,,,,,,,,
RWC517,07/05/2025,£25,,,,,,,,,
RWC517,04/06/2025,£25,,,,,,,,,
RWC517,03/07/2025,£25,,,,,,,,,
RWC531,23/05/2025,£25,,,,,,,,,
RWC535,28/05/2025,£25,,,,,,,,,
RWC539,28/05/2025,£25,,,,,,,,,
RWC552,04/06/2025,£25,,,,,,,,,
RWC556,03/06/2025,£25,,,,,,,,,
RWC556,02/07/2025,£25,,,,,,,,,
RWC559,06/06/2025,£25,,,,,,,,,
RWC562,06/06/2025,£25,,,,,,,,,
RWC77,21/08/2024,25,,,,,,,,,
RWC77,16/10/2024,25,,,,,,,,,
RWC77,05/12/2024,25,,,,,,,,,
RWC77,04/02/2025,25,,,,,,,,,
RWC77,28/04/2025,£25,,,,,,,,,
RWC77,23/06/2025,£25,,,,,,,,,
RWC80,30/08/2024,25,,,,,,,,,
RWC80,25/10/2024,25,,,,,,,,,
RWC80,16/12/2024,25,,,,,,,,,
RWC80,13/02/2025,25,,,,,,,,,
RWC80,10/04/2025,£25,,,,,,,,,
RWC80,04/06/2025,£25,,,,,,,,,
RWC81,02/09/2024,25,,,,,,,,,
RWC81,24/09/2024,25,,,,,,,,,
RWC81,29/10/2024,25,,,,,,,,,
RWC81,22/11/2024,25,,,,,,,,,
RWC81,12/12/2024,25,,,,,,,,,
RWC81,14/01/2025,25,,,,,,,,,
RWC81,11/02/2025,25,,,,,,,,,
RWC81,11/03/2025,25,,,,,,,,,
RWC81,05/05/2025,£25,,,,,,,,,
RWC81,03/06/2025,£25,,,,,,,,,
RWC81,01/07/2025,£25,,,,,,,,,
RWC82,22/11/2024,25,,,,,,,,,
RWC342,26/08/2024,30,,,,,,,,,
RWC342,22/10/2024,30,,,,,,,,,
RWC342,10/12/2024,30,,,,,,,,,
RWC342,10/02/2025,30,,,,,,,,,
RWC342,07/04/2025,£30,,,,,,,,,
RWC342,02/06/2025,£30,,,,,,,,,
RWC345,09/08/2024,30,,,,,,,,,
RWC345,03/10/2024,30,,,,,,,,,
RWC345,29/11/2024,30,,,,,,,,,
RWC345,23/01/2025,30,,,,,,,,,
RWC345,19/03/2025,30,,,,,,,,,
RWC345,15/05/2025,£30,,,,,,,,,
RWC345,10/07/2025,£30,,,,,,,,,
RWC352,14/05/2025,£30,,,,,,,,,
RWC357,12/08/2024,30,,,,,,,,,
RWC357,08/10/2024,30,,,,,,,,,
RWC357,02/12/2024,30,,,,,,,,,
RWC357,27/01/2025,30,,,,,,,,,
RWC357,24/03/2025,£30,,,,,,,,,
RWC357,16/06/2025,£30,,,,,,,,,
RWC36,22/08/2024,30,,,,,,,,,
RWC36,18/10/2024,30,,,,,,,,,
RWC36,10/12/2024,30,,,,,,,,,
RWC36,06/02/2025,30,,,,,,,,,
RWC36,03/04/2025,£30,,,,,,,,,
RWC36,28/05/2025,£30,,,,,,,,,
RWC363,08/08/2024,30,,,,,,,,,
RWC363,02/10/2024,30,,,,,,,,,
RWC363,18/12/2024,30,,,,,,,,,
RWC363,19/02/2025,30,,,,,,,,,
RWC378,29/08/2024,30,,,,,,,,,
RWC378,25/10/2024,30,,,,,,,,,
RWC378,15/01/2025,30,,,,,,,,,
RWC378,13/03/2025,30,,,,,,,,,
RWC378,09/05/2025,£30,,,,,,,,,
RWC385,20/08/2024,30,,,,,,,,,
RWC385,17/10/2024,30,,,,,,,,,
RWC385,05/12/2024,30,,,,,,,,,
RWC385,04/02/2025,30,,,,,,,,,
RWC385,02/04/2025,£30,,,,,,,,,
RWC389,30/08/2024,30,,,,,,,,,
RWC389,25/10/2024,30,,,,,,,,,
RWC389,17/12/2024,30,,,,,,,,,
RWC389,13/02/2025,30,,,,,,,,,
RWC389,10/04/2025,£30,,,,,,,,,
RWC389,04/06/2025,£30,,,,,,,,,
RWC391,03/10/2024,30,,,,,,,,,
RWC407,20/05/2025,£30,,,,,,,,,
RWC412,12/05/2025,£30,,,,,,,,,
RWC412,07/07/2025,£30,,,,,,,,,
RWC421,16/12/2024,30,,,,,,,,,
RWC421,13/02/2025,30,,,,,,,,,
RWC441,11/03/2025,30,,,,,,,,,
RWC441,04/06/2025,£30,,,,,,,,,
RWC453,09/10/2024,30,,,,,,,,,
RWC453,05/11/2024,30,,,,,,,,,
RWC453,07/01/2025,30,,,,,,,,,
RWC453,24/02/2025,30,,,,,,,,,
RWC453,16/06/2025,£30,,,,,,,,,
RWC466,02/08/2024,30,,,,,,,,,
RWC466,30/08/2024,30,,,,,,,,,
RWC466,27/09/2024,30,,,,,,,,,
RWC466,25/10/2024,30,,,,,,,,,
RWC466,25/11/2024,30,,,,,,,,,
RWC466,13/01/2025,30,,,,,,,,,
RWC466,13/02/2025,30,,,,,,,,,
RWC466,13/03/2025,30,,,,,,,,,
RWC466,10/04/2025,£30,,,,,,,,,
RWC466,07/05/2025,£30,,,,,,,,,
RWC466,04/06/2025,£30,,,,,,,,,
RWC466,03/07/2025,£30,,,,,,,,,
RWC510,20/12/2024,30,,,,,,,,,
RWC514,08/05/2025,£30,,,,,,,,,
RWC518,14/03/2025,30,,,,,,,,,
RWC518,08/05/2025,£30,,,,,,,,,
RWC518,03/07/2025,£30,,,,,,,,,
RWC537,30/05/2025,£30,,,,,,,,,
RWC543,30/05/2025,£30,,,,,,,,,
RWC55,09/09/2024,30,,,,,,,,,
RWC55,05/11/2024,30,,,,,,,,,
RWC55,31/12/2024,30,,,,,,,,,
RWC55,25/02/2025,30,,,,,,,,,
RWC55,24/04/2025,£30,,,,,,,,,
RWC55,16/06/2025,£30,,,,,,,,,
RWC559,06/06/2025,£30,,,,,,,,,
RWC593,04/07/2025,£30,,,,,,,,,
RWC6,12/08/2024,30,,,,,,,,,
RWC6,02/12/2024,30,,,,,,,,,
RWC6,27/01/2025,30,,,,,,,,,
RWC6,24/03/2025,£30,,,,,,,,,
RWC6,24/04/2025,£30,,,,,,,,,
RWC6,19/05/2025,£30,,,,,,,,,
RWC6,16/06/2025,£30,,,,,,,,,
RWC78,20/08/2024,30,,,,,,,,,
RWC78,15/10/2024,30,,,,,,,,,
RWC78,05/12/2024,30,,,,,,,,,
RWC78,30/01/2025,30,,,,,,,,,
RWC78,01/04/2025,£30,,,,,,,,,
RWC78,27/05/2025,£30,,,,,,,,,
RWC81,08/04/2025,£30,,,,,,,,,
RWC82,02/09/2024,30,,,,,,,,,
RWC82,24/09/2024,30,,,,,,,,,
RWC82,29/10/2024,30,,,,,,,,,
RWC82,12/12/2024,30,,,,,,,,,
RWC82,14/01/2025,30,,,,,,,,,
RWC82,11/02/2025,30,,,,,,,,,
RWC82,11/03/2025,30,,,,,,,,,
RWC82,03/06/2025,£30,,,,,,,,,
RWC82,01/07/2025,£30,,,,,,,,,
RWC89,08/01/2025,30,,,,,,,,,
RWC89,04/02/2025,30,,,,,,,,,
RWC98,17/09/2024,30,,,,,,,,,
RWC360,08/11/2024,32,,,,,,,,,
RWC405,19/09/2024,32,,,,,,,,,
RWC418,14/11/2024,32,,,,,,,,,
RWC537,30/05/2025,£32,,,,,,,,,
RWC559,06/06/2025,£32,,,,,,,,,
RWC349,29/08/2024,33,,,,,,,,,
RWC349,29/10/2024,33,,,,,,,,,
RWC349,16/12/2024,33,,,,,,,,,
RWC349,14/02/2025,33,,,,,,,,,
RWC349,09/04/2025,£33,,,,,,,,,
RWC349,04/06/2025,£33,,,,,,,,,
RWC511,14/04/2025,£34,,,,,,,,,
RWC339,26/08/2024,35,,,,,,,,,
RWC339,24/10/2024,35,,,,,,,,,
RWC339,10/12/2024,35,,,,,,,,,
RWC339,10/02/2025,35,,,,,,,,,
RWC339,07/04/2025,£35,,,,,,,,,
RWC339,02/06/2025,£35,,,,,,,,,
RWC355,28/11/2024,35,,,,,,,,,
RWC355,20/12/2024,35,,,,,,,,,
RWC355,23/01/2025,35,,,,,,,,,
RWC355,19/02/2025,35,,,,,,,,,
RWC355,19/03/2025,35,,,,,,,,,
RWC363,23/05/2025,£35,,,,,,,,,
RWC363,09/07/2025,£35,,,,,,,,,
RWC385,27/05/2025,£35,,,,,,,,,
RWC407,09/10/2024,35,,,,,,,,,
RWC421,09/04/2025,£35,,,,,,,,,
RWC421,04/06/2025,£35,,,,,,,,,
RWC432,18/02/2025,35,,,,,,,,,
RWC432,15/04/2025,£35,,,,,,,,,
RWC479,15/04/2025,£35,,,,,,,,,
RWC479,08/07/2025,£35,,,,,,,,,
RWC483,13/05/2025,£35,,,,,,,,,
RWC483,09/07/2025,£35,,,,,,,,,
RWC484,20/03/2025,35,,,,,,,,,
RWC528,10/06/2025,£35,,,,,,,,,
RWC57,02/09/2024,35,,,,,,,,,
RWC57,24/09/2024,35,,,,,,,,,
RWC57,23/10/2024,35,,,,,,,,,
RWC57,22/11/2024,35,,,,,,,,,
RWC57,12/12/2024,35,,,,,,,,,
RWC57,14/01/2025,35,,,,,,,,,
RWC57,11/02/2025,35,,,,,,,,,
RWC57,11/03/2025,35,,,,,,,,,
RWC57,08/04/2025,£35,,,,,,,,,
RWC57,05/05/2025,£35,,,,,,,,,
RWC57,03/06/2025,£35,,,,,,,,,
RWC57,01/07/2025,£35,,,,,,,,,
RWC82,08/04/2025,£35,,,,,,,,,
RWC82,05/05/2025,£35,,,,,,,,,
RWC360,09/10/2024,36,,,,,,,,,
RWC395,08/10/2024,36,,,,,,,,,
RWC532,03/06/2025,£38,,,,,,,,,
RWC532,03/06/2025,£38,,,,,,,,,
RWC355,17/04/2025,£40,,,,,,,,,
RWC355,14/05/2025,£40,,,,,,,,,
RWC355,10/06/2025,£40,,,,,,,,,
RWC355,10/07/2025,£40,,,,,,,,,
RWC43,02/09/2024,40,,,,,,,,,
RWC43,23/10/2024,40,,,,,,,,,
RWC43,12/12/2024,40,,,,,,,,,
RWC43,11/02/2025,40,,,,,,,,,
RWC43,08/04/2025,£40,,,,,,,,,
RWC43,03/06/2025,£40,,,,,,,,,
RWC432,09/06/2025,£40,,,,,,,,,
RWC527,15/05/2025,£40,,,,,,,,,
RWC55,24/04/2025,£40,,,,,,,,,
RWC571,12/06/2025,£42,,,,,,,,,
RWC512,14/04/2025,£44,,,,,,,,,
RWC512,14/04/2025,£44,,,,,,,,,
RWC503,27/03/2025,£45,,,,,,,,,
RWC525,12/09/2024,45,,,,,,,,,
RWC525,09/10/2024,45,,,,,,,,,
RWC525,09/10/2024,45,,,,,,,,,
RWC525,16/10/2024,45,,,,,,,,,
RWC525,16/10/2024,45,,,,,,,,,
RWC525,17/10/2024,45,,,,,,,,,
RWC525,17/10/2024,45,,,,,,,,,
RWC525,12/11/2024,45,,,,,,,,,
RWC525,18/11/2024,45,,,,,,,,,
RWC525,09/12/2024,45,,,,,,,,,
RWC525,09/12/2024,45,,,,,,,,,
RWC525,09/12/2024,45,,,,,,,,,
RWC525,09/12/2024,45,,,,,,,,,
RWC525,01/05/2025,£45,,,,,,,,,
RWC525,01/05/2025,£45,,,,,,,,,
RWC525,01/05/2025,£45,,,,,,,,,
RWC525,01/05/2025,£45,,,,,,,,,
RWC525,01/05/2025,£45,,,,,,,,,
RWC525,01/05/2025,£45,,,,,,,,,
RWC525,01/05/2025,£45,,,,,,,,,
RWC591,03/07/2025,£45,,,,,,,,,
RWC80,09/10/2024,46,,,,,,,,,
RWC400,21/08/2024,48,,,,,,,,,
RWC498,21/04/2025,£48,,,,,,,,,
RWC571,12/06/2025,£48,,,,,,,,,
RWC349,29/10/2024,50,,,,,,,,,
RWC39,01/08/2024,50,,,,,,,,,
RWC39,25/09/2024,50,,,,,,,,,
RWC39,26/11/2024,50,,,,,,,,,
RWC39,15/01/2025,50,,,,,,,,,
RWC39,12/03/2025,50,,,,,,,,,
RWC39,07/05/2025,£50,,,,,,,,,
RWC39,02/07/2025,£50,,,,,,,,,
RWC44,01/08/2024,50,,,,,,,,,
RWC44,28/08/2024,50,,,,,,,,,
RWC44,25/09/2024,50,,,,,,,,,
RWC44,29/10/2024,50,,,,,,,,,
RWC44,22/11/2024,50,,,,,,,,,
RWC44,12/12/2024,50,,,,,,,,,
RWC44,15/01/2025,50,,,,,,,,,
RWC44,12/02/2025,50,,,,,,,,,
RWC44,12/03/2025,50,,,,,,,,,
RWC44,08/04/2025,£50,,,,,,,,,
RWC44,05/05/2025,£50,,,,,,,,,
RWC44,03/06/2025,£50,,,,,,,,,
RWC44,02/07/2025,£50,,,,,,,,,
RWC511,14/04/2025,£50,,,,,,,,,
RWC412,30/10/2024,54,,,,,,,,,
RWC527,15/05/2025,£55,,,,,,,,,
RWC351,15/05/2025,£56,,,,,,,,,
RWC351,15/05/2025,£56,,,,,,,,,
RWC378,15/01/2025,60,,,,,,,,,
RWC392,19/08/2024,60,,,,,,,,,
RWC392,15/10/2024,60,,,,,,,,,
RWC392,09/12/2024,60,,,,,,,,,
RWC392,30/01/2025,60,,,,,,,,,
RWC392,26/05/2025,£60,,,,,,,,,
RWC405,19/09/2024,60,,,,,,,,,
RWC405,19/09/2024,60,,,,,,,,,
RWC409,12/12/2024,60,,,,,,,,,
RWC454,06/08/2024,60,,,,,,,,,
RWC571,12/06/2025,£63,,,,,,,,,
RWC53,27/05/2025,£64,,,,,,,,,
RWC98,17/09/2024,64,,,,,,,,,
RWC431,20/02/2025,70,,,,,,,,,
RWC499,27/03/2025,£70,,,,,,,,,
RWC506,27/03/2025,70,,,,,,,,,
RWC405,19/09/2024,74,,,,,,,,,
RWC407,09/10/2024,75,,,,,,,,,
RWC558,06/06/2025,£75,,,,,,,,,
RWC347,24/06/2025,£76,,,,,,,,,
RWC354,08/08/2024,80,,,,,,,,,
RWC390,19/03/2025,80,,,,,,,,,
RWC416,14/11/2024,80,,,,,,,,,
RWC539,28/05/2025,£80,,,,,,,,,
RWC498,21/04/2025,£88,,,,,,,,,
RWC410,11/04/2025,£90,,,,,,,,,
RWC410,12/06/2025,£90,,,,,,,,,
RWC537,30/05/2025,£100,,,,,,,,,
RWC537,30/05/2025,£100,,,,,,,,,
RWC403,27/09/2024,105,,,,,,,,,
RWC403,25/11/2024,105,,,,,,,,,
RWC403,13/01/2025,105,,,,,,,,,
RWC403,17/03/2025,105,,,,,,,,,
RWC403,07/05/2025,£105,,,,,,,,,
RWC403,04/07/2025,£105,,,,,,,,,
RWC418,14/11/2024,120,,,,,,,,,
RWC410,14/03/2025,135,,,,,,,,,
RWC410,21/03/2025,135,,,,,,,,,
RWC410,19/12/2024,180,,,,,,,,,
RWC410,07/02/2025,225,,,,,,,,,
RWC410,04/04/2025,£225,,,,,,,,,
RWC410,05/06/2025,£225,,,,,,,,,
RWC410,19/06/2025,£225,,,,,,,,,
RWC410,26/09/2024,270,,,,,,,,,
RWC410,25/04/2025,£270,,,,,,,,,
RWC410,29/05/2025,£270,,,,,,,,,
RWC410,26/06/2025,£270,,,,,,,,,
RWC410,11/11/2024,315,,,,,,,,,
RWC410,06/12/2024,315,,,,,,,,,
RWC410,30/01/2025,315,,,,,,,,,
RWC410,21/02/2025,315,,,,,,,,,
RWC410,07/03/2025,315,,,,,,,,,
RWC410,20/11/2024,360,,,,,,,,,
RWC410,24/01/2025,360,,,,,,,,,
RWC410,18/04/2025,£360,,,,,,,,,
RWC525,11/06/2025,£360,,,,,,,,,
RWC410,28/02/2025,405,,,,,,,,,
RWC410,09/05/2025,£405,,,,,,,,,
RWC410,11/07/2025,£405,,,,,,,,,
RWC410,30/09/2024,450,,,,,,,,,
RWC410,07/10/2024,450,,,,,,,,,
RWC410,14/10/2024,450,,,,,,,,,
RWC410,21/10/2024,450,,,,,,,,,
RWC410,28/10/2024,450,,,,,,,,,
RWC410,04/11/2024,450,,,,,,,,,
RWC410,29/11/2024,450,,,,,,,,,
RWC410,13/12/2024,450,,,,,,,,,
RWC410,10/01/2025,450,,,,,,,,,
RWC410,17/01/2025,450,,,,,,,,,
RWC410,14/02/2025,450,,,,,,,,,
RWC410,02/04/2025,£450,,,,,,,,,
RWC410,15/05/2025,£495,,,,,,,,,
RWC410,21/05/2025,£495,,,,,,,,,
RWC410,04/07/2025,£495,,,,,,,,,
RWC34,02/07/2025,12.5,,,,,,,,,
RWC443,08/05/2025,12.5,,,,,,,,,
RWC458,08/07/2025,12.5,,,,,,,,,
RWC48,03/06/2025,7.5,,,,,,,,,
RWC93,18/06/2025,7.5,,,,,,,,,
